# The list of known font filenames already packaged for Debian and the
# package that contains the font.  Only packages starting with ttf-,
# otf-, t1-, xfonts- and fonts- are searched for fonts.
#
# Last updated: 2014-09-06

1015sn.ttf ttf-aenigma
1015snr.ttf ttf-aenigma
18holes.ttf ttf-aenigma
36daysag.ttf ttf-aenigma
36daythk.ttf ttf-aenigma
3dlet.ttf ttf-aenigma
4shadow.ttf ttf-aenigma
4shadowo.ttf ttf-aenigma
8bitlim.ttf ttf-aenigma
8bitlimo.ttf ttf-aenigma
8bitlimr.ttf ttf-aenigma
8blimro.ttf ttf-aenigma
90stars.ttf ttf-aenigma
a010013d.pfb t1-cyrillic
a010015d.pfb t1-cyrillic
a010033d.pfb t1-cyrillic
a010035d.pfb t1-cyrillic
aakar-medium.ttf fonts-gujr-extra
abecedario.ttf fonts-linex
abecedarioguiada.ttf fonts-linex
abecedarionegrita.ttf fonts-linex
abecedariopautada.ttf fonts-linex
abecedariopuntguiada.ttf fonts-linex
abecedariopuntos.ttf fonts-linex
abecedariopuntpautada.ttf fonts-linex
aboriginalsansbold9433.ttf fonts-lg-aboriginal
aboriginalsansbolditalic9433.ttf fonts-lg-aboriginal
aboriginalsansitalic9433.ttf fonts-lg-aboriginal
aboriginalsansregular9433.ttf fonts-lg-aboriginal
aboriginalserifbold943.ttf fonts-lg-aboriginal
aboriginalserifbolditalic943.ttf fonts-lg-aboriginal
aboriginalserifitalic943.ttf fonts-lg-aboriginal
aboriginalserifregular943.ttf fonts-lg-aboriginal
abyssinicasil-r.ttf fonts-sil-abyssinica
accanthisadfstd-bold.otf ttf-adf-accanthis
accanthisadfstd-bolditalic.otf ttf-adf-accanthis
accanthisadfstd-italic.otf ttf-adf-accanthis
accanthisadfstd-regular.otf ttf-adf-accanthis
accanthisadfstdno2-bold.otf ttf-adf-accanthis
accanthisadfstdno2-bolditalic.otf ttf-adf-accanthis
accanthisadfstdno2-italic.otf ttf-adf-accanthis
accanthisadfstdno2-regular.otf ttf-adf-accanthis
accanthisadfstdno3-bold.otf ttf-adf-accanthis
accanthisadfstdno3-bolditalic.otf ttf-adf-accanthis
accanthisadfstdno3-italic.otf ttf-adf-accanthis
accanthisadfstdno3-regular.otf ttf-adf-accanthis
acidrefl.ttf ttf-aenigma
acknowtt.ttf ttf-aenigma
ae_alarabiya.ttf fonts-arabeyes
ae_albattar.ttf fonts-arabeyes
ae_alhor.ttf fonts-arabeyes
ae_almanzomah.ttf fonts-arabeyes
ae_alyarmook.ttf fonts-arabeyes
ae_arab.ttf fonts-arabeyes
ae_cortoba.ttf fonts-arabeyes
ae_dimnah.ttf fonts-arabeyes
ae_electron.ttf fonts-arabeyes
ae_furat.ttf fonts-arabeyes
ae_granada.ttf fonts-arabeyes
ae_graph.ttf fonts-arabeyes
ae_hani.ttf fonts-arabeyes
ae_haramain.ttf fonts-arabeyes
ae_hor.ttf fonts-arabeyes
ae_japan.ttf fonts-arabeyes
ae_jet.ttf fonts-arabeyes
ae_kayrawan.ttf fonts-arabeyes
ae_khalid.ttf fonts-arabeyes
ae_mashq-bold.ttf fonts-arabeyes
ae_mashq.ttf fonts-arabeyes
ae_metal.ttf fonts-arabeyes
ae_nada.ttf fonts-arabeyes
ae_nagham.ttf fonts-arabeyes
ae_nice.ttf fonts-arabeyes
ae_ostorah.ttf fonts-arabeyes
ae_ouhod-bold.ttf fonts-arabeyes
ae_petra.ttf fonts-arabeyes
ae_rasheeq-bold.ttf fonts-arabeyes
ae_rehan.ttf fonts-arabeyes
ae_salem.ttf fonts-arabeyes
ae_shado.ttf fonts-arabeyes
ae_sharjah.ttf fonts-arabeyes
ae_sindbad.ttf fonts-arabeyes
ae_tarablus.ttf fonts-arabeyes
ae_tholoth.ttf fonts-arabeyes
aegean600.ttf ttf-ancient-fonts
aegyptus313.ttf ttf-ancient-fonts
aescrawl.ttf ttf-aenigma
aesymatt.ttf ttf-aenigma
aftermat.ttf ttf-aenigma
akkadian256.otf ttf-ancient-fonts
alexander.otf ttf-ancient-fonts
alfa-beta.ttf fonts-linex
alfios_b.otf ttf-ancient-fonts
alfios_i.otf ttf-ancient-fonts
alfios_j.otf ttf-ancient-fonts
alfios_r.otf ttf-ancient-fonts
alphbeta.ttf ttf-aenigma
amalgama.ttf ttf-aenigma
amalgamo.ttf ttf-aenigma
amiri-bold.ttf fonts-hosny-amiri
amiri-boldslanted.ttf fonts-hosny-amiri
amiri-quran.ttf fonts-hosny-amiri
amiri-regular.ttf fonts-hosny-amiri
amiri-slanted.ttf fonts-hosny-amiri
amplitud.ttf ttf-aenigma
anaktoria.otf ttf-ancient-fonts
analecta306.otf ttf-ancient-fonts
anatolian306.ttf ttf-ancient-fonts
andika-r.ttf fonts-sil-andika
ani.ttf fonts-beng-extra
anjalioldlipi.ttf fonts-smc
aoyagi-soseki.ttf fonts-aoyagi-soseki
aoyagikouzanfontt.ttf fonts-aoyagi-kouzan-t
apibold.ttf fonts-linex
apibolit.ttf fonts-linex
apiitali.ttf fonts-linex
apiregul.ttf fonts-linex
arimo-bold.ttf fonts-croscore
arimo-bolditalic.ttf fonts-croscore
arimo-italic.ttf fonts-croscore
arimo-regular.ttf fonts-croscore
aroania_b.otf ttf-ancient-fonts
aroania_r.otf ttf-ancient-fonts
arthriti.ttf ttf-aenigma
arundinasans-bold.ttf fonts-sipa-arundina
arundinasans-boldoblique.ttf fonts-sipa-arundina
arundinasans-oblique.ttf fonts-sipa-arundina
arundinasans.ttf fonts-sipa-arundina
arundinasansmono-bold.ttf fonts-sipa-arundina
arundinasansmono-boldoblique.ttf fonts-sipa-arundina
arundinasansmono-oblique.ttf fonts-sipa-arundina
arundinasansmono.ttf fonts-sipa-arundina
arundinaserif-bold.ttf fonts-sipa-arundina
arundinaserif.ttf fonts-sipa-arundina
asana-math.otf fonts-oflb-asana-math
aspartam.ttf ttf-aenigma
atarismall.ttf ttf-atarismall
atarismallbold.ttf ttf-atarismall
atarismallcondensed.ttf ttf-atarismall
atarismallitalic.ttf ttf-atarismall
atarismalllight.ttf ttf-atarismall
atavyros.otf ttf-ancient-fonts
ataxia.ttf ttf-aenigma
ataxiao.ttf ttf-aenigma
automati.ttf ttf-aenigma
avdira_b.otf ttf-ancient-fonts
avdira_i.otf ttf-ancient-fonts
avdira_j.otf ttf-ancient-fonts
avdira_r.otf ttf-ancient-fonts
averiagwf-bold.ttf fonts-averia-gwf
averiagwf-bolditalic.ttf fonts-averia-gwf
averiagwf-gruesa.ttf fonts-averia-gwf
averiagwf-italic.ttf fonts-averia-gwf
averiagwf-light.ttf fonts-averia-gwf
averiagwf-lightitalic.ttf fonts-averia-gwf
averiagwf-regular.ttf fonts-averia-gwf
averiasansgwf-bold.ttf fonts-averia-sans-gwf
averiasansgwf-bolditalic.ttf fonts-averia-sans-gwf
averiasansgwf-italic.ttf fonts-averia-sans-gwf
averiasansgwf-light.ttf fonts-averia-sans-gwf
averiasansgwf-lightitalic.ttf fonts-averia-sans-gwf
averiasansgwf-regular.ttf fonts-averia-sans-gwf
averiaserifgwf-bold.ttf fonts-averia-serif-gwf
averiaserifgwf-bolditalic.ttf fonts-averia-serif-gwf
averiaserifgwf-italic.ttf fonts-averia-serif-gwf
averiaserifgwf-light.ttf fonts-averia-serif-gwf
averiaserifgwf-lightitalic.ttf fonts-averia-serif-gwf
averiaserifgwf-regular.ttf fonts-averia-serif-gwf
b018012d.pfb t1-cyrillic
b018015d.pfb t1-cyrillic
b018032d.pfb t1-cyrillic
b018035d.pfb t1-cyrillic
b2sq.ttf ttf-aenigma
b2sqol1.ttf ttf-aenigma
b2sqol2.ttf ttf-aenigma
babeboit.ttf fonts-linex
babebold.ttf fonts-linex
babelita.ttf fonts-linex
babelreg.ttf fonts-linex
backlash.ttf ttf-aenigma
balker.ttf fonts-dustin
bandal.ttf ttf-alee
bandless.ttf ttf-aenigma
bandmess.ttf ttf-aenigma
bandwdth.ttf ttf-aenigma
bangwool.ttf ttf-alee
baskervaldadfstd-bold.otf ttf-adf-baskervald
baskervaldadfstd-bolditalic.otf ttf-adf-baskervald
baskervaldadfstd-italic.otf ttf-adf-baskervald
baskervaldadfstd-regular.otf ttf-adf-baskervald
baskervaldadfstdheavy-oblique.otf ttf-adf-baskervald
baskervaldadfstdheavy.otf ttf-adf-baskervald
batang.ttf fonts-baekmuk
bendable.ttf ttf-aenigma
berenika-bold.ttf fonts-klaudia-berenika
berenika-boldoblique.ttf fonts-klaudia-berenika
berenika-oblique.ttf fonts-klaudia-berenika
berenika.ttf fonts-klaudia-berenika
berenisadf-bold.otf ttf-adf-berenis
berenisadf-bolditalic.otf ttf-adf-berenis
berenisadf-book.otf ttf-adf-berenis
berenisadf-italic.otf ttf-adf-berenis
berenisadfcd-bold.otf ttf-adf-berenis
berenisadfcd-bolditalic.otf ttf-adf-berenis
berenisadfcd-book.otf ttf-adf-berenis
berenisadfcd-italic.otf ttf-adf-berenis
berenisadfmed-bold.otf ttf-adf-berenis
berenisadfmed-bolditalic.otf ttf-adf-berenis
berenisadfmed-italic.otf ttf-adf-berenis
berenisadfmed-regular.otf ttf-adf-berenis
berenisadfno2-bold.otf ttf-adf-berenis
berenisadfno2-bolditalic.otf ttf-adf-berenis
berenisadfno2-book.otf ttf-adf-berenis
berenisadfno2-italic.otf ttf-adf-berenis
berenisadfno2cd-bold.otf ttf-adf-berenis
berenisadfno2cd-bolditalic.otf ttf-adf-berenis
berenisadfno2cd-book.otf ttf-adf-berenis
berenisadfno2cd-italic.otf ttf-adf-berenis
berenisadfno2style-bold.otf ttf-adf-berenis
berenisadfno2style-book.otf ttf-adf-berenis
betecknalowercase.ttf fonts-beteckna
betecknalowercasebold.ttf fonts-beteckna
betecknalowercaseboldcondensed.ttf fonts-beteckna
betecknalowercaseitalic.ttf fonts-beteckna
betecknalowercaseitaliccondensed.ttf fonts-beteckna
bewilder.ttf ttf-aenigma
bewildet.ttf ttf-aenigma
bin01st.ttf ttf-aenigma
binaryt.ttf ttf-aenigma
binaryx.ttf ttf-aenigma
binchrt.ttf ttf-aenigma
binx01s.ttf ttf-aenigma
binxchr.ttf ttf-aenigma
bitbttf.ttf ttf-aenigma
bkai00mp.ttf fonts-arphic-bkai00mp
bknuckss.ttf ttf-aenigma
bknuckst.ttf ttf-aenigma
blackoni.ttf ttf-aenigma
bleakseg.ttf ttf-aenigma
bloktilt.ttf ttf-aenigma
blonibld.ttf ttf-aenigma
blonirex.ttf ttf-aenigma
blox2.ttf ttf-aenigma
bm-hanna.ttf fonts-woowa-hanna
bobcayge.ttf ttf-aenigma
bobcaygr.ttf ttf-aenigma
bocuma.ttf ttf-aenigma
bocumaad.ttf ttf-aenigma
bocumaba.ttf ttf-aenigma
bocumade.ttf ttf-aenigma
bocumang.ttf ttf-aenigma
booku___.ttf fonts-uralic
bookub__.ttf fonts-uralic
bookui__.ttf fonts-uralic
bpg_dejavu_sans_2011_gpl-gnu.ttf fonts-bpg-georgian
bpg_gorda_gnu-gpl.ttf fonts-bpg-georgian
brassknu.ttf ttf-aenigma
breip.ttf fonts-breip
breipfont.ttf fonts-breip
brigadom.ttf ttf-aenigma
brigadow.ttf ttf-aenigma
bsmi00lp.ttf fonts-arphic-bsmi00lp
bumped.ttf ttf-aenigma
c0419bt_.pfb xfonts-scalable
c0582bt_.pfb xfonts-scalable
c0583bt_.pfb xfonts-scalable
c059013d.pfb t1-cyrillic
c059016d.pfb t1-cyrillic
c059033d.pfb t1-cyrillic
c059036d.pfb t1-cyrillic
c0611bt_.pfb xfonts-scalable
c0632bt_.pfb xfonts-scalable
c0633bt_.pfb xfonts-scalable
c0648bt_.pfb xfonts-scalable
c0649bt_.pfb xfonts-scalable
cabin-bold.otf fonts-cabin
cabin-bolditalic.otf fonts-cabin
cabin-italic.otf fonts-cabin
cabin-medium.otf fonts-cabin
cabin-mediumitalic.otf fonts-cabin
cabin-regular.otf fonts-cabin
cabin-semibold.otf fonts-cabin
cabin-semibolditalic.otf fonts-cabin
cabinsketch-bold.ttf fonts-cabinsketch
cabinsketch-regular.ttf fonts-cabinsketch
caladea-bold.ttf fonts-crosextra-caladea
caladea-bolditalic.ttf fonts-crosextra-caladea
caladea-italic.ttf fonts-crosextra-caladea
caladea-regular.ttf fonts-crosextra-caladea
caliban.ttf fonts-georgewilliams
candystr.ttf ttf-aenigma
cantarell-bold.otf fonts-cantarell
cantarell-regular.otf fonts-cantarell
carlito-bold.ttf fonts-crosextra-carlito
carlito-bolditalic.ttf fonts-crosextra-carlito
carlito-italic.ttf fonts-crosextra-carlito
carlito-regular.ttf fonts-crosextra-carlito
caslon-black.ttf fonts-georgewilliams
caslonbold.ttf fonts-georgewilliams
caslonitalic.ttf fonts-georgewilliams
caslonroman.ttf fonts-georgewilliams
ccaps.ttf ttf-aenigma
ccapshad.ttf ttf-aenigma
century-catalogue.ttf fonts-century-catalogue
chandas1-2.ttf fonts-deva-extra
chanui__.ttf fonts-uralic
charissil-b.ttf fonts-sil-charis
charissil-bi.ttf fonts-sil-charis
charissil-i.ttf fonts-sil-charis
charissil-r.ttf fonts-sil-charis
chemrea.ttf ttf-aenigma
chemreb.ttf ttf-aenigma
chintzy.ttf ttf-aenigma
chintzys.ttf ttf-aenigma
chumbly.ttf ttf-aenigma
circulat.ttf ttf-aenigma
clasict1.ttf ttf-aenigma
clasict2.ttf ttf-aenigma
claw1.ttf ttf-aenigma
claw2.ttf ttf-aenigma
cleavttr.ttf ttf-aenigma
cmex10.ttf fonts-lyx
cmmi10.ttf fonts-lyx
cmr10.ttf fonts-lyx
cmsy10.ttf fonts-lyx
cmunbbx.ttf fonts-cmu
cmunbi.ttf fonts-cmu
cmunbl.ttf fonts-cmu
cmunbmo.ttf fonts-cmu
cmunbmr.ttf fonts-cmu
cmunbso.ttf fonts-cmu
cmunbsr.ttf fonts-cmu
cmunbtl.ttf fonts-cmu
cmunbto.ttf fonts-cmu
cmunbx.ttf fonts-cmu
cmunbxo.ttf fonts-cmu
cmunci.ttf fonts-cmu
cmunit.ttf fonts-cmu
cmunobi.ttf fonts-cmu
cmunobx.ttf fonts-cmu
cmunorm.ttf fonts-cmu
cmunoti.ttf fonts-cmu
cmunrb.ttf fonts-cmu
cmunrm.ttf fonts-cmu
cmunsi.ttf fonts-cmu
cmunsl.ttf fonts-cmu
cmunso.ttf fonts-cmu
cmunss.ttf fonts-cmu
cmunssdc.ttf fonts-cmu
cmunst.ttf fonts-cmu
cmunsx.ttf fonts-cmu
cmuntb.ttf fonts-cmu
cmunti.ttf fonts-cmu
cmuntt.ttf fonts-cmu
cmuntx.ttf fonts-cmu
cmunui.ttf fonts-cmu
cmunvi.ttf fonts-cmu
cmunvt.ttf fonts-cmu
codelife.ttf ttf-aenigma
collecro.ttf ttf-aenigma
collecrs.ttf ttf-aenigma
collecto.ttf ttf-aenigma
collects.ttf ttf-aenigma
combusii.ttf ttf-aenigma
combuspl.ttf ttf-aenigma
combusti.ttf ttf-aenigma
combustt.ttf ttf-aenigma
combustw.ttf ttf-aenigma
comfortaa-bold.ttf fonts-comfortaa
comfortaa-light.ttf fonts-comfortaa
comfortaa-regular.ttf fonts-comfortaa
compc1o.ttf ttf-aenigma
compc1s.ttf ttf-aenigma
compc2o.ttf ttf-aenigma
compc2s.ttf ttf-aenigma
compc3o.ttf ttf-aenigma
compc3s.ttf ttf-aenigma
conakry.ttf fonts-evertype-conakry
condui2i.ttf ttf-aenigma
conduit.ttf ttf-aenigma
conduit2.ttf ttf-aenigma
cousine-bold.ttf fonts-croscore
cousine-bolditalic.ttf fonts-croscore
cousine-italic.ttf fonts-croscore
cousine-regular.ttf fonts-croscore
crackdr2.ttf ttf-aenigma
crkdownr.ttf ttf-aenigma
crkdwno1.ttf ttf-aenigma
crkdwno2.ttf ttf-aenigma
cupola.ttf fonts-georgewilliams
cwfs.ttf fonts-cwtex-fs
cwheib.ttf fonts-cwtex-heib
cwkai.ttf fonts-cwtex-kai
cwming.ttf fonts-cwtex-ming
cwyen.ttf fonts-cwtex-yen
damase.ttf fonts-mph-2b-damase
dancingscript-bold.otf fonts-dancingscript
dancingscript-regular.otf fonts-dancingscript
darkside.ttf ttf-aenigma
dashdot.ttf ttf-aenigma
dastardl.ttf ttf-aenigma
dblayer1.ttf ttf-aenigma
dblayer2.ttf ttf-aenigma
dblayer3.ttf ttf-aenigma
dblayer4.ttf ttf-aenigma
dblbogey.ttf ttf-aenigma
dbsilbb.ttf fonts-sil-dai-banna
dbsilbc.ttf fonts-sil-dai-banna
dbsilbo.ttf fonts-sil-dai-banna
dbsilbr.ttf fonts-sil-dai-banna
dbsillb.ttf fonts-sil-dai-banna
dbsillc.ttf fonts-sil-dai-banna
dbsillo.ttf fonts-sil-dai-banna
dbsillr.ttf fonts-sil-dai-banna
decrepit.ttf ttf-aenigma
dejavusans-bold.ttf fonts-dejavu-core
dejavusans-bold.ttf ttf-dejavu-core
dejavusans-boldoblique.ttf fonts-dejavu-extra
dejavusans-boldoblique.ttf ttf-dejavu-extra
dejavusans-extralight.ttf fonts-dejavu-extra
dejavusans-extralight.ttf ttf-dejavu-extra
dejavusans-oblique.ttf fonts-dejavu-extra
dejavusans-oblique.ttf ttf-dejavu-extra
dejavusans.ttf fonts-dejavu-core
dejavusans.ttf ttf-dejavu-core
dejavusanscondensed-bold.ttf fonts-dejavu-extra
dejavusanscondensed-bold.ttf ttf-dejavu-extra
dejavusanscondensed-boldoblique.ttf fonts-dejavu-extra
dejavusanscondensed-boldoblique.ttf ttf-dejavu-extra
dejavusanscondensed-oblique.ttf fonts-dejavu-extra
dejavusanscondensed-oblique.ttf ttf-dejavu-extra
dejavusanscondensed.ttf fonts-dejavu-extra
dejavusanscondensed.ttf ttf-dejavu-extra
dejavusansmono-bold.ttf fonts-dejavu-core
dejavusansmono-bold.ttf ttf-dejavu-core
dejavusansmono-boldoblique.ttf fonts-dejavu-extra
dejavusansmono-boldoblique.ttf ttf-dejavu-extra
dejavusansmono-oblique.ttf fonts-dejavu-extra
dejavusansmono-oblique.ttf ttf-dejavu-extra
dejavusansmono.ttf fonts-dejavu-core
dejavusansmono.ttf ttf-dejavu-core
dejavuserif-bold.ttf fonts-dejavu-core
dejavuserif-bold.ttf ttf-dejavu-core
dejavuserif-bolditalic.ttf fonts-dejavu-extra
dejavuserif-bolditalic.ttf ttf-dejavu-extra
dejavuserif-italic.ttf fonts-dejavu-extra
dejavuserif-italic.ttf ttf-dejavu-extra
dejavuserif.ttf fonts-dejavu-core
dejavuserif.ttf ttf-dejavu-core
dejavuserifcondensed-bold.ttf fonts-dejavu-extra
dejavuserifcondensed-bold.ttf ttf-dejavu-extra
dejavuserifcondensed-bolditalic.ttf fonts-dejavu-extra
dejavuserifcondensed-bolditalic.ttf ttf-dejavu-extra
dejavuserifcondensed-italic.ttf fonts-dejavu-extra
dejavuserifcondensed-italic.ttf ttf-dejavu-extra
dejavuserifcondensed.ttf fonts-dejavu-extra
dejavuserifcondensed.ttf ttf-dejavu-extra
dejima-mincho-r227.ttf fonts-dejima-mincho
delphine.ttf ttf-sjfonts
denemo.ttf ttf-denemo
dented.ttf ttf-aenigma
dephun2.ttf ttf-aenigma
detonate.ttf ttf-aenigma
discorda.ttf ttf-aenigma
dkg.ttf fonts-dkg-handwriting
dkgbd.ttf fonts-dkg-handwriting
dkgbi.ttf fonts-dkg-handwriting
dkgit.ttf fonts-dkg-handwriting
domestic_manners.ttf fonts-dustin
dosis-bold.otf fonts-dosis
dosis-book.otf fonts-dosis
dosis-extrabold.otf fonts-dosis
dosis-extralight.otf fonts-dosis
dosis-light.otf fonts-dosis
dosis-medium.otf fonts-dosis
dosis-semibold.otf fonts-dosis
dotum.ttf fonts-baekmuk
doulossil-r.ttf fonts-sil-doulos
draggle.ttf ttf-aenigma
draggleo.ttf ttf-aenigma
droidkufi-bold.ttf fonts-droid
droidkufi-regular.ttf fonts-droid
droidnaskh-bold.ttf fonts-droid
droidnaskh-regular.ttf fonts-droid
droidnaskhui-regular.ttf fonts-droid
droidsans-bold.ttf fonts-droid
droidsans.ttf fonts-droid
droidsansarabic.ttf fonts-droid
droidsansarmenian.ttf fonts-droid
droidsansethiopic-bold.ttf fonts-droid
droidsansethiopic-regular.ttf fonts-droid
droidsansfallback.ttf fonts-droid
droidsansfallbackfull.ttf fonts-droid
droidsansfallbacklegacy.ttf fonts-droid
droidsansgeorgian.ttf fonts-droid
droidsanshebrew-bold.ttf fonts-droid
droidsanshebrew-regular.ttf fonts-droid
droidsansjapanese.ttf fonts-droid
droidsansmono.ttf fonts-droid
droidserif-bold.ttf fonts-droid
droidserif-bolditalic.ttf fonts-droid
droidserif-italic.ttf fonts-droid
droidserif-regular.ttf fonts-droid
dustismo.ttf fonts-dustin
dustismo_bold.ttf fonts-dustin
dustismo_bold_italic.ttf fonts-dustin
dustismo_italic.ttf fonts-dustin
dustismo_roman.ttf fonts-dustin
dustismo_roman_bold.ttf fonts-dustin
dustismo_roman_italic.ttf fonts-dustin
dustismo_roman_italic_bold.ttf fonts-dustin
dynamic.ttf ttf-aenigma
dyphusio.ttf ttf-aenigma
dystorqu.ttf ttf-aenigma
dyuthi.ttf fonts-smc
ebgaramond-initials.otf fonts-ebgaramond-extra
ebgaramond-initials.ttf fonts-ebgaramond-extra
ebgaramond-initialsf1.otf fonts-ebgaramond-extra
ebgaramond-initialsf1.ttf fonts-ebgaramond-extra
ebgaramond-initialsf2.otf fonts-ebgaramond-extra
ebgaramond-initialsf2.ttf fonts-ebgaramond-extra
ebgaramond08-italic.otf fonts-ebgaramond
ebgaramond08-italic.ttf fonts-ebgaramond-extra
ebgaramond08-regular.otf fonts-ebgaramond
ebgaramond08-regular.ttf fonts-ebgaramond-extra
ebgaramond08-sc.ttf fonts-ebgaramond-extra
ebgaramond12-italic.otf fonts-ebgaramond
ebgaramond12-italic.ttf fonts-ebgaramond-extra
ebgaramond12-regular.otf fonts-ebgaramond
ebgaramond12-regular.ttf fonts-ebgaramond-extra
ecliptic.ttf ttf-aenigma
ecolier-court.ttf fonts-ecolier-court
ecolier-lignes-court.ttf fonts-ecolier-lignes-court
editundo.ttf ttf-aenigma
edundot.ttf ttf-aenigma
edunline.ttf ttf-aenigma
eeyek.ttf fonts-eeyek
el_abogado_loco.ttf fonts-dustin
elegbold.ttf fonts-linex
elegital.ttf fonts-linex
elleboli.ttf fonts-linex
ellenbold.ttf fonts-linex
ellenike.ttf fonts-linex
ellenita.ttf fonts-linex
elsewhe2.ttf ttf-aenigma
elsewher.ttf ttf-aenigma
embosst1.ttf ttf-aenigma
embosst2.ttf ttf-aenigma
embosst3.ttf ttf-aenigma
emerita_latina.ttf fonts-linex
emmentaler.ttf ttf-denemo
encappln.ttf ttf-aenigma
encapsul.ttf ttf-aenigma
engadget.ttf ttf-engadget
entangle.ttf ttf-aenigma
enthuse.ttf ttf-aenigma
enthuses.ttf ttf-aenigma
entlayra.ttf ttf-aenigma
entlayrb.ttf ttf-aenigma
entplain.ttf ttf-aenigma
entypo.ttf fonts-entypo
esint10.ttf fonts-lyx
essays1743-bold.ttf ttf-essays1743
essays1743-bolditalic.ttf ttf-essays1743
essays1743-italic.ttf ttf-essays1743
essays1743.ttf ttf-essays1743
eufm10.ttf fonts-lyx
eunjin.ttf ttf-alee
eunjinnakseo.ttf ttf-alee
euphor3d.ttf ttf-aenigma
euphoric.ttf ttf-aenigma
euterpe.ttf fonts-oflb-euterpe
exagger8.ttf ttf-aenigma
extracti.ttf ttf-aenigma
f500.ttf fonts-f500
falsepos.ttf ttf-aenigma
falsposr.ttf ttf-aenigma
fantuwua.ttf fonts-senamirmir-washra
fanwood-italic.otf fonts-fanwood
fanwood.otf fonts-fanwood
fanwoodtext-italic.otf fonts-fanwood
fanwoodtext.otf fonts-fanwood
fascii.ttf ttf-aenigma
fasciicr.ttf ttf-aenigma
fasciisc.ttf ttf-aenigma
fasciism.ttf ttf-aenigma
fasciitw.ttf ttf-aenigma
fauxsnow.ttf ttf-aenigma
fbsbltc.ttf ttf-aenigma
fbsbltc2.ttf ttf-aenigma
femkeklaver.ttf ttf-femkeklaver
feta.ttf ttf-denemo
fidgety.ttf ttf-aenigma
flatline.ttf fonts-dustin
flipside.ttf ttf-aenigma
fontawesome-webfont.ttf fonts-font-awesome
fontawesome-webfont.ttf fonts-font-awesome
fontawesome.otf fonts-font-awesome
fontawesome.otf fonts-font-awesome
forcible.ttf ttf-aenigma
freaktur.ttf ttf-aenigma
freefarsi-bold.ttf fonts-freefarsi
freefarsi-bolditalic.ttf fonts-freefarsi
freefarsi-italic.ttf fonts-freefarsi
freefarsi-mono.ttf fonts-freefarsi
freefarsi.ttf fonts-freefarsi
freemono.otf fonts-freefont-otf
freemono.ttf fonts-freefont-ttf
freemonobold.otf fonts-freefont-otf
freemonobold.ttf fonts-freefont-ttf
freemonoboldoblique.otf fonts-freefont-otf
freemonoboldoblique.ttf fonts-freefont-ttf
freemonooblique.otf fonts-freefont-otf
freemonooblique.ttf fonts-freefont-ttf
freesans.otf fonts-freefont-otf
freesans.ttf fonts-freefont-ttf
freesansbold.otf fonts-freefont-otf
freesansbold.ttf fonts-freefont-ttf
freesansboldoblique.otf fonts-freefont-otf
freesansboldoblique.ttf fonts-freefont-ttf
freesansoblique.otf fonts-freefont-otf
freesansoblique.ttf fonts-freefont-ttf
freeserif.otf fonts-freefont-otf
freeserif.ttf fonts-freefont-ttf
freeserifbold.otf fonts-freefont-otf
freeserifbold.ttf fonts-freefont-ttf
freeserifbolditalic.otf fonts-freefont-otf
freeserifbolditalic.ttf fonts-freefont-ttf
freeserifitalic.otf fonts-freefont-otf
freeserifitalic.ttf fonts-freefont-ttf
frizzed.ttf ttf-aenigma
fullcomp.ttf ttf-aenigma
galapogo.ttf ttf-aenigma
galsilb.ttf fonts-sil-galatia
galsilr.ttf fonts-sil-galatia
galvaniz.ttf ttf-aenigma
gaposiso.ttf ttf-aenigma
gaposiss.ttf ttf-aenigma
gardiner313.ttf ttf-ancient-fonts
gargi.ttf fonts-gargi
garuda-bold.otf fonts-tlwg-garuda
garuda-boldoblique.otf fonts-tlwg-garuda
garuda-oblique.otf fonts-tlwg-garuda
garuda.otf fonts-tlwg-garuda
gasping.ttf ttf-aenigma
gather.ttf ttf-aenigma
gathrgap.ttf ttf-aenigma
gbsn00lp.ttf fonts-arphic-gbsn00lp
genai102.ttf fonts-sil-gentium
genar102.ttf fonts-sil-gentium
genbasb.ttf fonts-sil-gentium-basic
genbasbi.ttf fonts-sil-gentium-basic
genbasi.ttf fonts-sil-gentium-basic
genbasr.ttf fonts-sil-gentium-basic
genbkbasb.ttf fonts-sil-gentium-basic
genbkbasbi.ttf fonts-sil-gentium-basic
genbkbasi.ttf fonts-sil-gentium-basic
genbkbasr.ttf fonts-sil-gentium-basic
geni102.ttf fonts-sil-gentium
genotyph.ttf ttf-aenigma
genotyps.ttf ttf-aenigma
genotyrh.ttf ttf-aenigma
genotyrs.ttf ttf-aenigma
genr102.ttf fonts-sil-gentium
gentiumplus-i.ttf fonts-sil-gentiumplus
gentiumplus-r.ttf fonts-sil-gentiumplus
gesture.ttf ttf-aenigma
gestures.ttf ttf-aenigma
gesturet.ttf ttf-aenigma
gesturts.ttf ttf-aenigma
gfsartemisia.otf fonts-gfs-artemisia
gfsartemisiabold.otf fonts-gfs-artemisia
gfsartemisiaboldit.otf fonts-gfs-artemisia
gfsartemisiait.otf fonts-gfs-artemisia
gfsbaskerville.otf fonts-gfs-baskerville
gfsbodoniclassic.otf fonts-gfs-bodoni-classic
gfsdidot.otf fonts-gfs-didot
gfsdidotbold.otf fonts-gfs-didot
gfsdidotbolditalic.otf fonts-gfs-didot
gfsdidotclassic.otf fonts-gfs-didot-classic
gfsdidotitalic.otf fonts-gfs-didot
gfsgazis.otf fonts-gfs-gazis
gfsneohellenic.otf fonts-gfs-neohellenic
gfsneohellenicbold.otf fonts-gfs-neohellenic
gfsneohellenicboldit.otf fonts-gfs-neohellenic
gfsneohellenicit.otf fonts-gfs-neohellenic
gfsolga.otf fonts-gfs-olga
gfspolyglot.otf fonts-gfs-complutum
gfsporson.otf fonts-gfs-porson
gfssolomos.otf fonts-gfs-solomos
gfstheokritos.otf fonts-gfs-theokritos
gilliusadf-bold.otf ttf-adf-gillius
gilliusadf-bolditalic.otf ttf-adf-gillius
gilliusadf-italic.otf ttf-adf-gillius
gilliusadf-regular.otf ttf-adf-gillius
gilliusadfcd-bold.otf ttf-adf-gillius
gilliusadfcd-bolditalic.otf ttf-adf-gillius
gilliusadfcd-italic.otf ttf-adf-gillius
gilliusadfcd-regular.otf ttf-adf-gillius
gilliusadfno2-bold.otf ttf-adf-gillius
gilliusadfno2-bolditalic.otf ttf-adf-gillius
gilliusadfno2-italic.otf ttf-adf-gillius
gilliusadfno2-regular.otf ttf-adf-gillius
gilliusadfno2cd-bold.otf ttf-adf-gillius
gilliusadfno2cd-bolditalic.otf ttf-adf-gillius
gilliusadfno2cd-italic.otf ttf-adf-gillius
gilliusadfno2cd-regular.otf ttf-adf-gillius
gkai00mp.ttf fonts-arphic-gkai00mp
goffer.ttf fonts-senamirmir-washra
gosebmp2.ttf ttf-aenigma
gosebmps.ttf ttf-aenigma
gothu___.ttf fonts-uralic
gothub__.ttf fonts-uralic
goudybookletter1911.otf ttf-goudybookletter
goudybookletter1911bold.otf ttf-goudybookletter
goudybookletter1911bold.ttf ttf-goudybookletter
goudybookletter1911italic.otf ttf-goudybookletter
goudybookletter1911italic.ttf ttf-goudybookletter
goudybookletter1911light.otf ttf-goudybookletter
goudybookletter1911light.ttf ttf-goudybookletter
goudybookletter1911tt.ttf ttf-goudybookletter
gr8higts.ttf ttf-aenigma
granular.ttf ttf-aenigma
grapple.ttf ttf-aenigma
graveyrd.ttf ttf-aenigma
graviseg.ttf ttf-aenigma
gravitat.ttf ttf-aenigma
graze.ttf ttf-aenigma
grotesq.ttf ttf-aenigma
grudge.ttf ttf-aenigma
grudge2.ttf ttf-aenigma
gubbi.ttf fonts-gubbi
gulim.ttf fonts-baekmuk
guseul.ttf ttf-alee
gyneric.ttf ttf-aenigma
gyneric3.ttf ttf-aenigma
gyroresh.ttf ttf-aenigma
gyrose.ttf ttf-aenigma
gyrosesq.ttf ttf-aenigma
hackslsh.ttf ttf-aenigma
hairball.ttf ttf-aenigma
hanamina.ttf fonts-hanazono
hanaminb.ttf fonts-hanazono
handmedo.ttf ttf-aenigma
handmeds.ttf ttf-aenigma
hassle.ttf ttf-aenigma
hbevel.ttf ttf-aenigma
hdmaker.ttf ttf-aenigma
hearts.ttf ttf-aenigma
hillock.ttf ttf-aenigma
hiwua.ttf fonts-senamirmir-washra
hline.ttf fonts-baekmuk
homa.ttf fonts-farsiweb
homespun.ttf ttf-aenigma
humor-sans.ttf fonts-humor-sans
hyde.ttf ttf-aenigma
hyperion.ttf ttf-aenigma
ikariusadfno2std-bold.otf ttf-adf-ikarius
ikariusadfno2std-bolditalic.otf ttf-adf-ikarius
ikariusadfno2std-italic.otf ttf-adf-ikarius
ikariusadfno2std-regular.otf ttf-adf-ikarius
ikariusadfstd-bold.otf ttf-adf-ikarius
ikariusadfstd-bolditalic.otf ttf-adf-ikarius
ikariusadfstd-italic.otf ttf-adf-ikarius
ikariusadfstd-regular.otf ttf-adf-ikarius
ilits.ttf ttf-aenigma
imposs.ttf ttf-aenigma
inconsolata.otf fonts-inconsolata
induni-c-bold.otf fonts-johnsmith-induni
induni-c-boldoblique.otf fonts-johnsmith-induni
induni-c-oblique.otf fonts-johnsmith-induni
induni-c-regular.otf fonts-johnsmith-induni
induni-h-bold.otf fonts-johnsmith-induni
induni-h-boldoblique.otf fonts-johnsmith-induni
induni-h-oblique.otf fonts-johnsmith-induni
induni-h-regular.otf fonts-johnsmith-induni
induni-n-bold.otf fonts-johnsmith-induni
induni-n-bolditalic.otf fonts-johnsmith-induni
induni-n-italic.otf fonts-johnsmith-induni
induni-n-roman.otf fonts-johnsmith-induni
induni-p-bold.otf fonts-johnsmith-induni
induni-p-bolditalic.otf fonts-johnsmith-induni
induni-p-italic.otf fonts-johnsmith-induni
induni-p-roman.otf fonts-johnsmith-induni
induni-t-bold.otf fonts-johnsmith-induni
induni-t-bolditalic.otf fonts-johnsmith-induni
induni-t-italic.otf fonts-johnsmith-induni
induni-t-roman.otf fonts-johnsmith-induni
inertia.ttf ttf-aenigma
inevitab.ttf ttf-aenigma
inkswipe.ttf ttf-aenigma
inktank.ttf ttf-aenigma
intersc.ttf ttf-aenigma
intersec.ttf ttf-aenigma
interso.ttf ttf-aenigma
ipabold.ttf fonts-linex
ipabolit.ttf fonts-linex
ipaexg.ttf fonts-ipaexfont-gothic
ipaexm.ttf fonts-ipaexfont-mincho
ipag.ttf fonts-ipafont-gothic
ipagp.ttf fonts-ipafont-gothic
ipaitali.ttf fonts-linex
ipam.ttf fonts-ipafont-mincho
ipamjm.ttf fonts-ipamj-mincho
ipamp.ttf fonts-ipafont-mincho
iparegul.ttf fonts-linex
irianisadfstd-bold.otf ttf-adf-irianis
irianisadfstd-bolditalic.otf ttf-adf-irianis
irianisadfstd-italic.otf ttf-adf-irianis
irianisadfstd-regular.otf ttf-adf-irianis
irianisadfstylestd-bditalic.otf ttf-adf-irianis
irianisadfstylestd-bold.otf ttf-adf-irianis
irianisadfstylestd-italic.otf ttf-adf-irianis
irianisadfstylestd-regular.otf ttf-adf-irianis
irritate.ttf ttf-aenigma
isabella.ttf fonts-isabella
it_wasn_t_me.ttf fonts-dustin
jagged.ttf ttf-aenigma
jamrulnormal.ttf fonts-beng-extra
janken.ttf ttf-aenigma
jara.ttf fonts-linex
jara_bold-it.ttf fonts-linex
jara_bold.ttf fonts-linex
jara_it.ttf fonts-linex
jargon.ttf ttf-aenigma
jasper.ttf ttf-aenigma
jaspers.ttf ttf-aenigma
jawbhard.ttf ttf-aenigma
jawbreak.ttf ttf-aenigma
jawbrko1.ttf ttf-aenigma
jawbrko2.ttf ttf-aenigma
jekyll.ttf ttf-aenigma
jeopardi.ttf ttf-aenigma
jeopardt.ttf ttf-aenigma
jiret.ttf fonts-senamirmir-washra
jmacscrl.ttf ttf-aenigma
joltcaff.ttf ttf-aenigma
jomolhari-alpha3c-0605331.ttf fonts-dzongkha
jsmath-bbold10.ttf fonts-jsmath
jsmath-cmbsy10.ttf fonts-jsmath
jsmath-cmbx10.ttf fonts-jsmath
jsmath-cmex10.ttf fonts-jsmath
jsmath-cmmi10.ttf fonts-jsmath
jsmath-cmmib10.ttf fonts-jsmath
jsmath-cmr10.ttf fonts-jsmath
jsmath-cmss10.ttf fonts-jsmath
jsmath-cmsy10.ttf fonts-jsmath
jsmath-cmti10.ttf fonts-jsmath
jsmath-eufb10.ttf fonts-jsmath
jsmath-eufm10.ttf fonts-jsmath
jsmath-eurb10.ttf fonts-jsmath
jsmath-eurm10.ttf fonts-jsmath
jsmath-eusb10.ttf fonts-jsmath
jsmath-eusm10.ttf fonts-jsmath
jsmath-lasy10.ttf fonts-jsmath
jsmath-lasyb10.ttf fonts-jsmath
jsmath-msam10.ttf fonts-jsmath
jsmath-msbm10.ttf fonts-jsmath
jsmath-rsfs10.ttf fonts-jsmath
jsmath-stmary10.ttf fonts-jsmath
jsmath-wasy10.ttf fonts-jsmath
jsmath-wasyb10.ttf fonts-jsmath
junction.otf fonts-junction
junicode-bold.ttf fonts-junicode
junicode-bolditalic.ttf fonts-junicode
junicode-italic.ttf fonts-junicode
junicode.ttf fonts-junicode
junkyard.ttf fonts-dustin
jupiterc.ttf ttf-aenigma
jura-book.ttf fonts-jura
jura-demibold.ttf fonts-jura
jura-light.ttf fonts-jura
jura-medium.ttf fonts-jura
kacstart.ttf fonts-kacst
kacstbook.ttf fonts-kacst
kacstdecorative.ttf fonts-kacst
kacstdigital.ttf fonts-kacst
kacstfarsi.ttf fonts-kacst
kacstletter.ttf fonts-kacst
kacstnaskh.ttf fonts-kacst
kacstoffice.ttf fonts-kacst
kacstone-bold.ttf fonts-kacst-one
kacstone.ttf fonts-kacst-one
kacstpen.ttf fonts-kacst
kacstposter.ttf fonts-kacst
kacstqurn.ttf fonts-kacst
kacstscreen.ttf fonts-kacst
kacsttitle.ttf fonts-kacst
kacsttitlel.ttf fonts-kacst
kalapi.ttf fonts-kalapi
kaliberr.ttf ttf-aenigma
kalibers.ttf ttf-aenigma
kaliberx.ttf ttf-aenigma
kalimati.ttf fonts-deva-extra
kalyani.ttf fonts-smc
kapl.ttf xfonts-kapl
kataacti.ttf ttf-aenigma
katainac.ttf ttf-aenigma
kaushanscript-regular.otf fonts-kaushanscript
keyrialt.ttf ttf-aenigma
keyridge.ttf ttf-aenigma
khmeros.ttf fonts-khmeros
khmerosbattambang.ttf fonts-khmeros
khmerosbokor.ttf fonts-khmeros
khmeroscontent.ttf fonts-khmeros
khmerosfasthand.ttf fonts-khmeros
khmerosfreehand.ttf fonts-khmeros
khmerosmetalchrieng.ttf fonts-khmeros
khmerosmuol.ttf fonts-khmeros
khmerosmuollight.ttf fonts-khmeros
khmerosmuolpali.ttf fonts-khmeros
khmerossiemreap.ttf fonts-khmeros
khmerossys.ttf fonts-khmeros
kickflip.ttf ttf-aenigma
kiloji.ttf fonts-kiloji
kiloji_b.ttf fonts-kiloji
kiloji_d.ttf fonts-kiloji
kiloji_p.ttf fonts-kiloji
kinkaid.ttf ttf-aenigma
kinnari-bold.otf fonts-tlwg-kinnari
kinnari-bolditalic.otf fonts-tlwg-kinnari
kinnari-boldoblique.otf fonts-tlwg-kinnari
kinnari-italic.otf fonts-tlwg-kinnari
kinnari-oblique.otf fonts-tlwg-kinnari
kinnari.otf fonts-tlwg-kinnari
kirbyss.ttf ttf-aenigma
klaudia-bold.ttf fonts-klaudia-berenika
klaudia-boldoblique.ttf fonts-klaudia-berenika
klaudia-oblique.ttf fonts-klaudia-berenika
klaudia.ttf fonts-klaudia-berenika
knot.ttf ttf-aenigma
kochi-gothic-subst.ttf ttf-kochi-gothic
kochi-gothic.ttf ttf-kochi-gothic
kochi-mincho-subst.ttf ttf-kochi-mincho
kochi-mincho.ttf ttf-kochi-mincho
komatuna-p.ttf fonts-komatuna
komatuna.ttf fonts-komatuna
konatu.ttf fonts-konatu
konatutohaba.ttf fonts-konatu
konecto1.ttf ttf-aenigma
konecto2.ttf ttf-aenigma
konector.ttf ttf-aenigma
koneerie.ttf ttf-aenigma
kouzan-mouhitsu-gyosho.ttf fonts-kouzan-mouhitsu
kouzan-mouhitsu-sosho.ttf fonts-kouzan-mouhitsu
kouzan-mouhitsu.ttf fonts-kouzan-mouhitsu
kurvatur.ttf ttf-aenigma
lakeshor.ttf ttf-aenigma
lakkireddy.ttf fonts-teluguvijayam
laksaman-bold.otf fonts-tlwg-laksaman
laksaman-bolditalic.otf fonts-tlwg-laksaman
laksaman-italic.otf fonts-tlwg-laksaman
laksaman.otf fonts-tlwg-laksaman
lamebrai.ttf ttf-aenigma
larkspur.ttf ttf-aenigma
latinmodernmath-regular.otf fonts-lmodern
lato-black.ttf fonts-lato
lato-blackitalic.ttf fonts-lato
lato-bold.ttf fonts-lato
lato-bolditalic.ttf fonts-lato
lato-hairline.ttf fonts-lato
lato-hairlineitalic.ttf fonts-lato
lato-heavy.ttf fonts-lato
lato-heavyitalic.ttf fonts-lato
lato-italic.ttf fonts-lato
lato-light.ttf fonts-lato
lato-lightitalic.ttf fonts-lato
lato-medium.ttf fonts-lato
lato-mediumitalic.ttf fonts-lato
lato-regular.ttf fonts-lato
lato-semibold.ttf fonts-lato
lato-semibolditalic.ttf fonts-lato
lato-thin.ttf fonts-lato
lato-thinitalic.ttf fonts-lato
lethargi.ttf ttf-aenigma
liberationmono-bold.ttf fonts-liberation
liberationmono-bold.ttf ttf-liberation
liberationmono-bolditalic.ttf fonts-liberation
liberationmono-bolditalic.ttf ttf-liberation
liberationmono-italic.ttf fonts-liberation
liberationmono-italic.ttf ttf-liberation
liberationmono-regular.ttf fonts-liberation
liberationmono-regular.ttf ttf-liberation
liberationsans-bold.ttf fonts-liberation
liberationsans-bold.ttf ttf-liberation
liberationsans-bolditalic.ttf fonts-liberation
liberationsans-bolditalic.ttf ttf-liberation
liberationsans-italic.ttf fonts-liberation
liberationsans-italic.ttf ttf-liberation
liberationsans-regular.ttf fonts-liberation
liberationsans-regular.ttf ttf-liberation
liberationsansnarrow-bold.ttf fonts-liberation
liberationsansnarrow-bold.ttf ttf-liberation
liberationsansnarrow-bolditalic.ttf fonts-liberation
liberationsansnarrow-bolditalic.ttf ttf-liberation
liberationsansnarrow-italic.ttf fonts-liberation
liberationsansnarrow-italic.ttf ttf-liberation
liberationsansnarrow-regular.ttf fonts-liberation
liberationsansnarrow-regular.ttf ttf-liberation
liberationserif-bold.ttf fonts-liberation
liberationserif-bold.ttf ttf-liberation
liberationserif-bolditalic.ttf fonts-liberation
liberationserif-bolditalic.ttf ttf-liberation
liberationserif-italic.ttf fonts-liberation
liberationserif-italic.ttf ttf-liberation
liberationserif-regular.ttf fonts-liberation
liberationserif-regular.ttf ttf-liberation
librisadfstd-bold.otf ttf-adf-libris
librisadfstd-bolditalic.otf ttf-adf-libris
librisadfstd-italic.otf ttf-adf-libris
librisadfstd-regular.otf ttf-adf-libris
licostrg.ttf ttf-aenigma
lightout.ttf ttf-aenigma
likhannormal.ttf fonts-beng-extra
linbiolinum_k.otf fonts-linuxlibertine
linbiolinum_r.otf fonts-linuxlibertine
linbiolinum_rb.otf fonts-linuxlibertine
linbiolinum_ri.otf fonts-linuxlibertine
lindenhill-italic.otf fonts-lindenhill
lindenhill.otf fonts-lindenhill
lineding.ttf ttf-aenigma
linlibertine_dr.otf fonts-linuxlibertine
linlibertine_i.otf fonts-linuxlibertine
linlibertine_m.otf fonts-linuxlibertine
linlibertine_r.otf fonts-linuxlibertine
linlibertine_rb.otf fonts-linuxlibertine
linlibertine_rbi.otf fonts-linuxlibertine
linlibertine_ri.otf fonts-linuxlibertine
linlibertine_rz.otf fonts-linuxlibertine
linlibertine_rzi.otf fonts-linuxlibertine
lklug.ttf fonts-lklug-sinhala
lmmono10-italic.otf fonts-lmodern
lmmono10-regular.otf fonts-lmodern
lmmono12-regular.otf fonts-lmodern
lmmono8-regular.otf fonts-lmodern
lmmono9-regular.otf fonts-lmodern
lmmonocaps10-oblique.otf fonts-lmodern
lmmonocaps10-regular.otf fonts-lmodern
lmmonolt10-bold.otf fonts-lmodern
lmmonolt10-boldoblique.otf fonts-lmodern
lmmonolt10-oblique.otf fonts-lmodern
lmmonolt10-regular.otf fonts-lmodern
lmmonoltcond10-oblique.otf fonts-lmodern
lmmonoltcond10-regular.otf fonts-lmodern
lmmonoprop10-oblique.otf fonts-lmodern
lmmonoprop10-regular.otf fonts-lmodern
lmmonoproplt10-bold.otf fonts-lmodern
lmmonoproplt10-boldoblique.otf fonts-lmodern
lmmonoproplt10-oblique.otf fonts-lmodern
lmmonoproplt10-regular.otf fonts-lmodern
lmmonoslant10-regular.otf fonts-lmodern
lmroman10-bold.otf fonts-lmodern
lmroman10-bolditalic.otf fonts-lmodern
lmroman10-italic.otf fonts-lmodern
lmroman10-regular.otf fonts-lmodern
lmroman12-bold.otf fonts-lmodern
lmroman12-italic.otf fonts-lmodern
lmroman12-regular.otf fonts-lmodern
lmroman17-regular.otf fonts-lmodern
lmroman5-bold.otf fonts-lmodern
lmroman5-regular.otf fonts-lmodern
lmroman6-bold.otf fonts-lmodern
lmroman6-regular.otf fonts-lmodern
lmroman7-bold.otf fonts-lmodern
lmroman7-italic.otf fonts-lmodern
lmroman7-regular.otf fonts-lmodern
lmroman8-bold.otf fonts-lmodern
lmroman8-italic.otf fonts-lmodern
lmroman8-regular.otf fonts-lmodern
lmroman9-bold.otf fonts-lmodern
lmroman9-italic.otf fonts-lmodern
lmroman9-regular.otf fonts-lmodern
lmromancaps10-oblique.otf fonts-lmodern
lmromancaps10-regular.otf fonts-lmodern
lmromandemi10-oblique.otf fonts-lmodern
lmromandemi10-regular.otf fonts-lmodern
lmromandunh10-oblique.otf fonts-lmodern
lmromandunh10-regular.otf fonts-lmodern
lmromanslant10-bold.otf fonts-lmodern
lmromanslant10-regular.otf fonts-lmodern
lmromanslant12-regular.otf fonts-lmodern
lmromanslant17-regular.otf fonts-lmodern
lmromanslant8-regular.otf fonts-lmodern
lmromanslant9-regular.otf fonts-lmodern
lmromanunsl10-regular.otf fonts-lmodern
lmsans10-bold.otf fonts-lmodern
lmsans10-boldoblique.otf fonts-lmodern
lmsans10-oblique.otf fonts-lmodern
lmsans10-regular.otf fonts-lmodern
lmsans12-oblique.otf fonts-lmodern
lmsans12-regular.otf fonts-lmodern
lmsans17-oblique.otf fonts-lmodern
lmsans17-regular.otf fonts-lmodern
lmsans8-oblique.otf fonts-lmodern
lmsans8-regular.otf fonts-lmodern
lmsans9-oblique.otf fonts-lmodern
lmsans9-regular.otf fonts-lmodern
lmsansdemicond10-oblique.otf fonts-lmodern
lmsansdemicond10-regular.otf fonts-lmodern
lmsansquot8-bold.otf fonts-lmodern
lmsansquot8-boldoblique.otf fonts-lmodern
lmsansquot8-oblique.otf fonts-lmodern
lmsansquot8-regular.otf fonts-lmodern
lobster.otf fonts-lobster
lobstertwo-bold.otf fonts-lobstertwo
lobstertwo-bolditalic.otf fonts-lobstertwo
lobstertwo-italic.otf fonts-lobstertwo
lobstertwo-regular.otf fonts-lobstertwo
lohit-assamese.ttf fonts-lohit-beng-assamese
lohit-bengali.ttf fonts-lohit-beng-bengali
lohit-devanagari.ttf fonts-lohit-deva
lohit-gujarati.ttf fonts-lohit-gujr
lohit-kannada.ttf fonts-lohit-knda
lohit-malayalam.ttf fonts-lohit-mlym
lohit-oriya.ttf fonts-lohit-orya
lohit-punjabi.ttf fonts-lohit-guru
lohit-tamil-classical.ttf fonts-lohit-taml-classical
lohit-tamil.ttf fonts-lohit-taml
lohit-telugu.ttf fonts-lohit-telu
loma-bold.otf fonts-tlwg-loma
loma-boldoblique.otf fonts-tlwg-loma
loma-oblique.otf fonts-tlwg-loma
loma.otf fonts-tlwg-loma
loopy.ttf ttf-aenigma
lowdown.ttf ttf-aenigma
lucid.ttf ttf-aenigma
lucid2.ttf ttf-aenigma
lucid2o.ttf ttf-aenigma
lucido.ttf ttf-aenigma
lyneous.ttf ttf-aenigma
lyneousl.ttf ttf-aenigma
lynx.ttf ttf-aenigma
macropsi.ttf ttf-aenigma
madscrwl.ttf ttf-aenigma
maitreyasymbols.ttf fonts-maitreya
manchufont.ttf fonts-manchufont
markedfool.ttf fonts-dustin
marvosym.ttf ttf-marvosym
mathjax_ams-regular.otf fonts-mathjax
mathjax_caligraphic-bold.otf fonts-mathjax
mathjax_caligraphic-regular.otf fonts-mathjax
mathjax_fraktur-bold.otf fonts-mathjax
mathjax_fraktur-regular.otf fonts-mathjax
mathjax_main-bold.otf fonts-mathjax
mathjax_main-italic.otf fonts-mathjax
mathjax_main-regular.otf fonts-mathjax
mathjax_math-bolditalic.otf fonts-mathjax
mathjax_math-italic.otf fonts-mathjax
mathjax_math-regular.otf fonts-mathjax
mathjax_sansserif-bold.otf fonts-mathjax
mathjax_sansserif-italic.otf fonts-mathjax
mathjax_sansserif-regular.otf fonts-mathjax
mathjax_script-regular.otf fonts-mathjax
mathjax_size1-regular.otf fonts-mathjax
mathjax_size2-regular.otf fonts-mathjax
mathjax_size3-regular.otf fonts-mathjax
mathjax_size4-regular.otf fonts-mathjax
mathjax_typewriter-regular.otf fonts-mathjax
mathjax_winchrome-regular.otf fonts-mathjax
mathjax_winie6-regular.otf fonts-mathjax
maya106.ttf ttf-ancient-fonts
meera.ttf fonts-smc
meeratamil.ttf fonts-meera-taml
mekanusadfstd-bold.otf ttf-adf-mekanus
mekanusadfstd-bolditalic.otf ttf-adf-mekanus
mekanusadfstd-italic.otf ttf-adf-mekanus
mekanusadfstd-regular.otf ttf-adf-mekanus
mgopencanonicabold.ttf fonts-mgopen
mgopencanonicabolditalic.ttf fonts-mgopen
mgopencanonicaitalic.ttf fonts-mgopen
mgopencanonicaregular.ttf fonts-mgopen
mgopencosmeticabold.ttf fonts-mgopen
mgopencosmeticaboldoblique.ttf fonts-mgopen
mgopencosmeticaoblique.ttf fonts-mgopen
mgopencosmeticaregular.ttf fonts-mgopen
mgopenmodatabold.ttf fonts-mgopen
mgopenmodataboldoblique.ttf fonts-mgopen
mgopenmodataoblique.ttf fonts-mgopen
mgopenmodataregular.ttf fonts-mgopen
mgopenmodernabold.ttf fonts-mgopen
mgopenmodernaboldoblique.ttf fonts-mgopen
mgopenmodernaoblique.ttf fonts-mgopen
mgopenmodernaregular.ttf fonts-mgopen
migmix-1m-bold.ttf fonts-migmix
migmix-1m-regular.ttf fonts-migmix
migmix-1p-bold.ttf fonts-migmix
migmix-1p-regular.ttf fonts-migmix
migmix-2m-bold.ttf fonts-migmix
migmix-2m-regular.ttf fonts-migmix
migmix-2p-bold.ttf fonts-migmix
migmix-2p-regular.ttf fonts-migmix
migu-1c-bold.ttf fonts-migmix
migu-1c-regular.ttf fonts-migmix
migu-1m-bold.ttf fonts-migmix
migu-1m-regular.ttf fonts-migmix
migu-1p-bold.ttf fonts-migmix
migu-1p-regular.ttf fonts-migmix
migu-2m-bold.ttf fonts-migmix
migu-2m-regular.ttf fonts-migmix
mima4x4i.ttf ttf-aenigma
mima4x4o.ttf ttf-aenigma
mimaalt1.ttf ttf-aenigma
mimaalt2.ttf ttf-aenigma
mimafuse.ttf ttf-aenigma
mincer.ttf ttf-aenigma
minikott.ttf ttf-aenigma
minikstt.ttf ttf-aenigma
misaki.ttf fonts-misaki
misakimn.ttf fonts-misaki
mishmash.ttf ttf-aenigma
mitra.ttf fonts-beng-extra
mmcedar-p.ttf fonts-mmcedar
mmcedar.ttf fonts-mmcedar
mobilize.ttf ttf-aenigma
mona.ttf fonts-mona
monapo.ttf fonts-monapo
monkphon.ttf ttf-aenigma
monospace.ttf fonts-georgewilliams
monospacebold.ttf fonts-georgewilliams
monospaceoblique.ttf fonts-georgewilliams
monou___.ttf fonts-uralic
moronmis.ttf ttf-aenigma
mplus-1c-black.ttf fonts-mplus
mplus-1c-bold.ttf fonts-mplus
mplus-1c-heavy.ttf fonts-mplus
mplus-1c-light.ttf fonts-mplus
mplus-1c-medium.ttf fonts-mplus
mplus-1c-regular.ttf fonts-mplus
mplus-1c-thin.ttf fonts-mplus
mplus-1m-bold.ttf fonts-mplus
mplus-1m-light.ttf fonts-mplus
mplus-1m-medium.ttf fonts-mplus
mplus-1m-regular.ttf fonts-mplus
mplus-1m-thin.ttf fonts-mplus
mplus-1mn-bold.ttf fonts-mplus
mplus-1mn-light.ttf fonts-mplus
mplus-1mn-medium.ttf fonts-mplus
mplus-1mn-regular.ttf fonts-mplus
mplus-1mn-thin.ttf fonts-mplus
mplus-1p-black.ttf fonts-mplus
mplus-1p-bold.ttf fonts-mplus
mplus-1p-heavy.ttf fonts-mplus
mplus-1p-light.ttf fonts-mplus
mplus-1p-medium.ttf fonts-mplus
mplus-1p-regular.ttf fonts-mplus
mplus-1p-thin.ttf fonts-mplus
mplus-2c-black.ttf fonts-mplus
mplus-2c-bold.ttf fonts-mplus
mplus-2c-heavy.ttf fonts-mplus
mplus-2c-light.ttf fonts-mplus
mplus-2c-medium.ttf fonts-mplus
mplus-2c-regular.ttf fonts-mplus
mplus-2c-thin.ttf fonts-mplus
mplus-2m-bold.ttf fonts-mplus
mplus-2m-light.ttf fonts-mplus
mplus-2m-medium.ttf fonts-mplus
mplus-2m-regular.ttf fonts-mplus
mplus-2m-thin.ttf fonts-mplus
mplus-2p-black.ttf fonts-mplus
mplus-2p-bold.ttf fonts-mplus
mplus-2p-heavy.ttf fonts-mplus
mplus-2p-light.ttf fonts-mplus
mplus-2p-medium.ttf fonts-mplus
mplus-2p-regular.ttf fonts-mplus
mplus-2p-thin.ttf fonts-mplus
mry_kacstqurn.ttf fonts-kacst
msam10.ttf fonts-lyx
msbm10.ttf fonts-lyx
mtlc3m.ttf fonts-motoya-l-cedar
mtlmr3m.ttf fonts-motoya-l-maruberi
muktinarrow.ttf fonts-beng-extra
muktinarrowbold.ttf fonts-beng-extra
museumbible.otf fonts-levien-museum
museumfoundry.otf fonts-levien-museum
museumfourteen.otf fonts-levien-museum
museumsixty.otf fonts-levien-museum
musica306.otf ttf-ancient-fonts
mysteron.ttf ttf-aenigma
n019003d.pfb t1-cyrillic
n019004d.pfb t1-cyrillic
n019023d.pfb t1-cyrillic
n019024d.pfb t1-cyrillic
n019043d.pfb t1-cyrillic
n019044d.pfb t1-cyrillic
n019063d.pfb t1-cyrillic
n019064d.pfb t1-cyrillic
n021003d.pfb t1-cyrillic
n021004d.pfb t1-cyrillic
n021023d.pfb t1-cyrillic
n021024d.pfb t1-cyrillic
n022003d.pfb t1-cyrillic
n022004d.pfb t1-cyrillic
n022023d.pfb t1-cyrillic
n022024d.pfb t1-cyrillic
nafeesweb.ttf fonts-nafees
nakula.ttf fonts-nakula
nanosecw.ttf ttf-aenigma
nanumbarungothic.ttf fonts-nanum
nanumbarungothicbold.ttf fonts-nanum
nanumbrush.ttf fonts-nanum-extra
nanumgothic.ttf fonts-nanum
nanumgothic_coding.ttf fonts-nanum-coding
nanumgothic_coding_bold.ttf fonts-nanum-coding
nanumgothicbold.ttf fonts-nanum
nanumgothiceco.ttf fonts-nanum-eco
nanumgothicecobold.ttf fonts-nanum-eco
nanumgothicecoextrabold.ttf fonts-nanum-eco
nanumgothicextrabold.ttf fonts-nanum-extra
nanumgothiclight.ttf fonts-nanum-extra
nanummyeongjo.ttf fonts-nanum
nanummyeongjobold.ttf fonts-nanum
nanummyeongjoeco.ttf fonts-nanum-eco
nanummyeongjoecobold.ttf fonts-nanum-eco
nanummyeongjoecoextrabold.ttf fonts-nanum-eco
nanummyeongjoextrabold.ttf fonts-nanum-extra
nanumpen.ttf fonts-nanum-extra
naughts.ttf ttf-aenigma
navilu.ttf fonts-navilu
nazli.ttf fonts-farsiweb
nazlib.ttf fonts-farsiweb
neural.ttf ttf-aenigma
neuralol.ttf ttf-aenigma
nominal.ttf ttf-aenigma
norasi-bold.otf fonts-tlwg-norasi
norasi-bolditalic.otf fonts-tlwg-norasi
norasi-boldoblique.otf fonts-tlwg-norasi
norasi-italic.otf fonts-tlwg-norasi
norasi-oblique.otf fonts-tlwg-norasi
norasi.otf fonts-tlwg-norasi
nostalgi.ttf ttf-aenigma
notosans-bold.ttf fonts-noto
notosans-bolditalic.ttf fonts-noto
notosans-italic.ttf fonts-noto
notosans-regular.ttf fonts-noto
notosansarmenian-bold.ttf fonts-noto
notosansarmenian-regular.ttf fonts-noto
notosansdevanagari-bold.ttf fonts-noto
notosansdevanagari-regular.ttf fonts-noto
notosansdevanagariui-bold.ttf fonts-noto
notosansdevanagariui-regular.ttf fonts-noto
notosansethiopic-bold.ttf fonts-noto
notosansethiopic-regular.ttf fonts-noto
notosansgeorgian-bold.ttf fonts-noto
notosansgeorgian-regular.ttf fonts-noto
notosanshebrew-bold.ttf fonts-noto
notosanshebrew-regular.ttf fonts-noto
notosanskhmer-bold.ttf fonts-noto
notosanskhmer-regular.ttf fonts-noto
notosanskhmerui-bold.ttf fonts-noto
notosanskhmerui-regular.ttf fonts-noto
notosanslao-bold.ttf fonts-noto
notosanslao-regular.ttf fonts-noto
notosanslaoui-bold.ttf fonts-noto
notosanslaoui-regular.ttf fonts-noto
notosanstamil-bold.ttf fonts-noto
notosanstamil-regular.ttf fonts-noto
notosanstamilui-bold.ttf fonts-noto
notosanstamilui-regular.ttf fonts-noto
notosansthai-bold.ttf fonts-noto
notosansthai-regular.ttf fonts-noto
notosansthaiui-bold.ttf fonts-noto
notosansthaiui-regular.ttf fonts-noto
notosansui-bold.ttf fonts-noto
notosansui-bolditalic.ttf fonts-noto
notosansui-italic.ttf fonts-noto
notosansui-regular.ttf fonts-noto
notoserif-bold.ttf fonts-noto
notoserif-bolditalic.ttf fonts-noto
notoserif-italic.ttf fonts-noto
notoserif-regular.ttf fonts-noto
notoserifarmenian-bold.ttf fonts-noto
notoserifarmenian-regular.ttf fonts-noto
notoserifgeorgian-bold.ttf fonts-noto
notoserifgeorgian-regular.ttf fonts-noto
notoseriflao-bold.ttf fonts-noto
notoseriflao-regular.ttf fonts-noto
notoserifthai-bold.ttf fonts-noto
notoserifthai-regular.ttf fonts-noto
notqr.ttf ttf-aenigma
nsecthck.ttf ttf-aenigma
nsecthin.ttf ttf-aenigma
nucleus.ttf ttf-aenigma
numskull.ttf ttf-aenigma
nuosusil.ttf fonts-sil-nuosusil
nymonak.ttf ttf-aenigma
obloquyo.ttf ttf-aenigma
obloquys.ttf ttf-aenigma
obstacle.ttf ttf-aenigma
obstacll.ttf ttf-aenigma
ocra.ttf fonts-ocr-a
ocrabold.ttf fonts-ocr-a
ocracondensed.ttf fonts-ocr-a
ocraitalic.ttf fonts-ocr-a
offkiltl.ttf ttf-aenigma
offkiltr.ttf ttf-aenigma
okolaks_gbold.ttf fonts-okolaks
oldaniaadfstd-bold.otf ttf-adf-oldania
oldaniaadfstd-bolditalic.otf ttf-adf-oldania
oldaniaadfstd-italic.otf ttf-adf-oldania
oldaniaadfstd-regular.otf ttf-adf-oldania
oldslavicregu.pfb t1-oldslavic
oldstandard-bold.ttf fonts-oldstandard
oldstandard-italic.ttf fonts-oldstandard
oldstandard-regular.ttf fonts-oldstandard
opendinschriftenengshrift.ttf fonts-opendin
opendyslexic-bold.otf fonts-opendyslexic
opendyslexic-bolditalic.otf fonts-opendyslexic
opendyslexic-italic.otf fonts-opendyslexic
opendyslexic-regular.otf fonts-opendyslexic
opendyslexicalta-bold.otf fonts-opendyslexic
opendyslexicalta-bolditalic.otf fonts-opendyslexic
opendyslexicalta-italic.otf fonts-opendyslexic
opendyslexicalta-regular.otf fonts-opendyslexic
opendyslexicmono-regular.otf fonts-opendyslexic
opens___.ttf fonts-opensymbol
opiated.ttf ttf-aenigma
orbicula.ttf ttf-aenigma
outersid.ttf ttf-aenigma
overhead.ttf ttf-aenigma
p052003d.pfb t1-cyrillic
p052004d.pfb t1-cyrillic
p052023d.pfb t1-cyrillic
p052024d.pfb t1-cyrillic
padauk-bold.ttf fonts-sil-padauk
padauk-book.ttf fonts-sil-padauk
padauk-bookbold.ttf fonts-sil-padauk
padauk.ttf fonts-sil-padauk
padmaa.ttf fonts-gujr-extra
pagul.ttf fonts-pagul
pallu___.ttf fonts-uralic
pallub__.ttf fonts-uralic
pallui__.ttf fonts-uralic
pdark.ttf ttf-aenigma
pecita.otf fonts-pecita
penguinattack.ttf fonts-dustin
persuasi.ttf ttf-aenigma
phetsarath_ot.ttf fonts-lao
phorfeir.ttf ttf-aenigma
phorfeis.ttf ttf-aenigma
pincers.ttf ttf-aenigma
pindown.ttf ttf-aenigma
pindownp.ttf ttf-aenigma
pindwnx.ttf ttf-aenigma
pindwnxp.ttf ttf-aenigma
pixlkrud.ttf ttf-aenigma
plasdrip.ttf ttf-aenigma
plasdrpe.ttf ttf-aenigma
play-bold.otf fonts-play
play-bold.ttf fonts-play
play-regular.otf fonts-play
play-regular.ttf fonts-play
pneumati.ttf ttf-aenigma
pneutall.ttf ttf-aenigma
pneuwide.ttf ttf-aenigma
ponnala.ttf fonts-teluguvijayam
pothana2000.ttf fonts-telu-extra
powdwrk5.ttf ttf-aenigma
powerlinesymbols.otf fonts-powerline
prociono.otf fonts-prociono
prociono.otf fonts-prociono
procionott.ttf fonts-prociono
procionott.ttf fonts-prociono
progenisis.ttf fonts-dustin
pseudo.ttf ttf-aenigma
purisa-bold.otf fonts-tlwg-purisa
purisa-boldoblique.otf fonts-tlwg-purisa
purisa-oblique.otf fonts-tlwg-purisa
purisa.otf fonts-tlwg-purisa
qbicle1.ttf ttf-aenigma
qbicle2.ttf ttf-aenigma
qbicle3.ttf ttf-aenigma
qbicle4.ttf ttf-aenigma
qlumpy.ttf ttf-aenigma
qlumpysh.ttf ttf-aenigma
quacksal.ttf ttf-aenigma
quadrcal.ttf ttf-aenigma
quadrtic.ttf ttf-aenigma
quandary.ttf ttf-aenigma
quantfh.ttf ttf-aenigma
quantflt.ttf ttf-aenigma
quantrh.ttf ttf-aenigma
quantrnd.ttf ttf-aenigma
quanttap.ttf ttf-aenigma
quaranti.ttf ttf-aenigma
quarthck.ttf ttf-aenigma
quarthin.ttf ttf-aenigma
quattrocento-regular.otf fonts-quattrocento
queasy.ttf ttf-aenigma
queasyol.ttf ttf-aenigma
quercus.ttf fonts-linex
quercus_bold.ttf fonts-linex
quercus_bold_it.ttf fonts-linex
quercus_it.ttf fonts-linex
quillexo.ttf ttf-aenigma
quillexs.ttf ttf-aenigma
rachana.ttf fonts-smc
radissans-medium.otf ttf-radisnoir
radissans-medium.ttf ttf-radisnoir
raghumalayalamsans.ttf fonts-smc
rambling.ttf ttf-aenigma
ravaged2.ttf ttf-aenigma
ravcater.ttf ttf-aenigma
raviprakash.ttf fonts-teluguvijayam
raydiat2.ttf ttf-aenigma
reason.ttf ttf-aenigma
reasonsh.ttf ttf-aenigma
redundan.ttf ttf-aenigma
regenera.ttf ttf-aenigma
registry.ttf ttf-aenigma
rehearsc.ttf ttf-aenigma
rehearso.ttf ttf-aenigma
rehearsp.ttf ttf-aenigma
rekha.ttf fonts-gujr-extra
relapse.ttf ttf-aenigma
revert.ttf ttf-aenigma
revertro.ttf ttf-aenigma
roboto-bold.ttf fonts-roboto
roboto-bolditalic.ttf fonts-roboto
roboto-italic.ttf fonts-roboto
roboto-light.ttf fonts-roboto
roboto-lightitalic.ttf fonts-roboto
roboto-regular.ttf fonts-roboto
roboto-thin.ttf fonts-roboto
roboto-thinitalic.ttf fonts-roboto
robotocondensed-bold.ttf fonts-roboto
robotocondensed-bolditalic.ttf fonts-roboto
robotocondensed-italic.ttf fonts-roboto
robotocondensed-regular.ttf fonts-roboto
romandeadfscriptstd-italic.otf ttf-adf-romande
romandeadfstd-demibold.otf ttf-adf-romande
romandeadfstd-demibolditalic.otf ttf-adf-romande
romandeadfstd-italic.otf ttf-adf-romande
romandeadfstd-regular.otf ttf-adf-romande
romandeadfstylestd-demibold.otf ttf-adf-romande
romandeadfstylestd-regular.otf ttf-adf-romande
romau___.ttf fonts-uralic
romaub__.ttf fonts-uralic
romaui__.ttf fonts-uralic
rotund.ttf ttf-aenigma
rotundo.ttf ttf-aenigma
roughday.ttf ttf-aenigma
rsfs10.ttf fonts-lyx
rufscript010.ttf fonts-rufscript
ryuker.ttf ttf-aenigma
saab.ttf fonts-guru-extra
sahadeva.ttf fonts-sahadeva
samanata.ttf fonts-deva-extra
samyak-devanagari.ttf fonts-samyak-deva
samyak-gujarati.ttf fonts-samyak-gujr
samyak-malayalam.ttf fonts-samyak-mlym
samyak-oriya.ttf fonts-samyak-orya
samyak-tamil.ttf fonts-samyak-taml
sanscu__.ttf fonts-uralic
sanscub_.ttf fonts-uralic
sansu___.ttf fonts-uralic
sansub__.ttf fonts-uralic
sansubi_.ttf fonts-uralic
sansui__.ttf fonts-uralic
sarai.ttf fonts-sarai
sarcasti.ttf ttf-aenigma
saunder.ttf ttf-aenigma
sawarabi-gothic-medium.ttf fonts-sawarabi-gothic
sawarabi-mincho-medium.ttf fonts-sawarabi-mincho
sawasdee-bold.otf fonts-tlwg-sawasdee
sawasdee-boldoblique.otf fonts-tlwg-sawasdee
sawasdee-oblique.otf fonts-tlwg-sawasdee
sawasdee.otf fonts-tlwg-sawasdee
scalines.ttf ttf-aenigma
scheherazade-r.ttf fonts-sil-scheherazade
schou___.ttf fonts-uralic
schoub__.ttf fonts-uralic
schoui__.ttf fonts-uralic
sclnmaze.ttf ttf-aenigma
sequence.ttf ttf-aenigma
setbackt.ttf ttf-aenigma
sideways.ttf ttf-aenigma
sileot.ttf fonts-sil-ezra
sileotsr.ttf fonts-sil-ezra
simplto2.ttf ttf-aenigma
skullcap.ttf ttf-aenigma
slender.ttf ttf-aenigma
slenderw.ttf ttf-aenigma
slenmini.ttf ttf-aenigma
slenstub.ttf ttf-aenigma
snailets.ttf ttf-aenigma
snb.ttf fonts-sil-sophia-nubian
snbi.ttf fonts-sil-sophia-nubian
sni.ttf fonts-sil-sophia-nubian
snr.ttf fonts-sil-sophia-nubian
spaciouo.ttf ttf-aenigma
spacious.ttf ttf-aenigma
spastic2.ttf ttf-aenigma
spheroid.ttf ttf-aenigma
spheroix.ttf ttf-aenigma
splatz2.ttf ttf-aenigma
sqroute.ttf ttf-aenigma
stagnati.ttf ttf-aenigma
staypuft.ttf ttf-staypuft
stevehand.ttf ttf-sjfonts
stix-bold.otf fonts-stix
stix-bolditalic.otf fonts-stix
stix-italic.otf fonts-stix
stix-regular.otf fonts-stix
stixgeneral-bold.otf fonts-stix
stixgeneral-bolditalic.otf fonts-stix
stixgeneral-italic.otf fonts-stix
stixgeneral-regular.otf fonts-stix
stixintegralsd-bold.otf fonts-stix
stixintegralsd-regular.otf fonts-stix
stixintegralssm-bold.otf fonts-stix
stixintegralssm-regular.otf fonts-stix
stixintegralsup-bold.otf fonts-stix
stixintegralsup-regular.otf fonts-stix
stixintegralsupd-bold.otf fonts-stix
stixintegralsupd-regular.otf fonts-stix
stixintegralsupsm-bold.otf fonts-stix
stixintegralsupsm-regular.otf fonts-stix
stixmath-regular.otf fonts-stix
stixnonunicode-bold.otf fonts-stix
stixnonunicode-bolditalic.otf fonts-stix
stixnonunicode-italic.otf fonts-stix
stixnonunicode-regular.otf fonts-stix
stixsizefivesym-regular.otf fonts-stix
stixsizefoursym-bold.otf fonts-stix
stixsizefoursym-regular.otf fonts-stix
stixsizeonesym-bold.otf fonts-stix
stixsizeonesym-regular.otf fonts-stix
stixsizethreesym-bold.otf fonts-stix
stixsizethreesym-regular.otf fonts-stix
stixsizetwosym-bold.otf fonts-stix
stixsizetwosym-regular.otf fonts-stix
stixvariants-bold.otf fonts-stix
stixvariants-regular.otf fonts-stix
strande2.ttf ttf-aenigma
summersby.ttf ttf-summersby
supragc.ttf ttf-aenigma
supragl.ttf ttf-aenigma
suruma.ttf fonts-smc
swift.ttf fonts-dustin
swirled2.ttf ttf-aenigma
switzeraadf-demibold.otf ttf-adf-switzera
switzeraadf-demibolditalic.otf ttf-adf-switzera
switzeraadf-italic.otf ttf-adf-switzera
switzeraadf-regular.otf ttf-adf-switzera
switzeraadfbold-italic.otf ttf-adf-switzera
switzeraadfbold.otf ttf-adf-switzera
switzeraadfcd-bold.otf ttf-adf-switzera
switzeraadfcd-bolditalic.otf ttf-adf-switzera
switzeraadfcd-italic.otf ttf-adf-switzera
switzeraadfcd-regular.otf ttf-adf-switzera
switzeraadfex-bold.otf ttf-adf-switzera
switzeraadfex-bolditalic.otf ttf-adf-switzera
switzeraadfex-italic.otf ttf-adf-switzera
switzeraadfex-regular.otf ttf-adf-switzera
switzeraadfextrabold-italic.otf ttf-adf-switzera
switzeraadfextrabold.otf ttf-adf-switzera
switzeraadflight-bold.otf ttf-adf-switzera
switzeraadflight-bolditalic.otf ttf-adf-switzera
switzeraadflight-italic.otf ttf-adf-switzera
switzeraadflight-regular.otf ttf-adf-switzera
switzeraadflightcd-bold.otf ttf-adf-switzera
switzeraadflightcd-bolditalic.otf ttf-adf-switzera
switzeraadflightcd-italic.otf ttf-adf-switzera
switzeraadflightcd-regular.otf ttf-adf-switzera
symbola605.ttf ttf-ancient-fonts
symbolneu.ttf fonts-croscore
symbols-regular.otf fonts-circos-symbols
symbols.otf fonts-circos-symbols
symmetry.ttf ttf-aenigma
syndrome.ttf ttf-aenigma
syntheti.ttf ttf-aenigma
syracuse.ttf ttf-aenigma
tagbanwa.ttf ttf-tagbanwa
takaoexgothic.ttf fonts-takao-gothic
takaoexmincho.ttf fonts-takao-mincho
takaogothic.ttf fonts-takao-gothic
takaomincho.ttf fonts-takao-mincho
takaopgothic.ttf fonts-takao-gothic
takaopmincho.ttf fonts-takao-mincho
tamu_kadampari.ttf fonts-taml-tamu
tamu_kalyani.ttf fonts-taml-tamu
tamu_maduram.ttf fonts-taml-tamu
teams.pfb t1-teams
teamsb.pfb t1-teams
teamsbi.pfb t1-teams
teamsi.pfb t1-teams
tearful.ttf ttf-aenigma
techniqo.ttf ttf-aenigma
techniqu.ttf ttf-aenigma
techover.ttf ttf-aenigma
telephas.ttf ttf-aenigma
tetri.ttf ttf-aenigma
texgyreadventor-bold.otf fonts-texgyre
texgyreadventor-bolditalic.otf fonts-texgyre
texgyreadventor-italic.otf fonts-texgyre
texgyreadventor-regular.otf fonts-texgyre
texgyrebonum-bold.otf fonts-texgyre
texgyrebonum-bolditalic.otf fonts-texgyre
texgyrebonum-italic.otf fonts-texgyre
texgyrebonum-math.otf fonts-texgyre
texgyrebonum-regular.otf fonts-texgyre
texgyrechorus-mediumitalic.otf fonts-texgyre
texgyrecursor-bold.otf fonts-texgyre
texgyrecursor-bolditalic.otf fonts-texgyre
texgyrecursor-italic.otf fonts-texgyre
texgyrecursor-regular.otf fonts-texgyre
texgyreheros-bold.otf fonts-texgyre
texgyreheros-bolditalic.otf fonts-texgyre
texgyreheros-italic.otf fonts-texgyre
texgyreheros-regular.otf fonts-texgyre
texgyreheroscn-bold.otf fonts-texgyre
texgyreheroscn-bolditalic.otf fonts-texgyre
texgyreheroscn-italic.otf fonts-texgyre
texgyreheroscn-regular.otf fonts-texgyre
texgyrepagella-bold.otf fonts-texgyre
texgyrepagella-bolditalic.otf fonts-texgyre
texgyrepagella-italic.otf fonts-texgyre
texgyrepagella-math.otf fonts-texgyre
texgyrepagella-regular.otf fonts-texgyre
texgyreschola-bold.otf fonts-texgyre
texgyreschola-bolditalic.otf fonts-texgyre
texgyreschola-italic.otf fonts-texgyre
texgyreschola-math.otf fonts-texgyre
texgyreschola-regular.otf fonts-texgyre
texgyretermes-bold.otf fonts-texgyre
texgyretermes-bolditalic.otf fonts-texgyre
texgyretermes-italic.otf fonts-texgyre
texgyretermes-math.otf fonts-texgyre
texgyretermes-regular.otf fonts-texgyre
thabit-bold-oblique.ttf fonts-hosny-thabit
thabit-bold.ttf fonts-hosny-thabit
thabit-oblique.ttf fonts-hosny-thabit
thabit.ttf fonts-hosny-thabit
thwart.ttf ttf-aenigma
tibetanmachineuni.ttf fonts-tibetan-machine
tinos-bold.ttf fonts-croscore
tinos-bolditalic.ttf fonts-croscore
tinos-italic.ttf fonts-croscore
tinos-regular.ttf fonts-croscore
tint.ttf fonts-senamirmir-washra
tipa10.pfb tipa
tipa12.pfb tipa
tipa17.pfb tipa
tipa8.pfb tipa
tipa9.pfb tipa
tipab10.pfb tipa
tipabs10.pfb tipa
tipabx10.pfb tipa
tipabx12.pfb tipa
tipabx8.pfb tipa
tipabx9.pfb tipa
tipasb10.pfb tipa
tipasi10.pfb tipa
tipasl10.pfb tipa
tipasl12.pfb tipa
tipasl8.pfb tipa
tipasl9.pfb tipa
tipass10.pfb tipa
tipass12.pfb tipa
tipass17.pfb tipa
tipass8.pfb tipa
tipass9.pfb tipa
tipats10.pfb tipa
tipatt10.pfb tipa
tipatt12.pfb tipa
tipatt8.pfb tipa
tipatt9.pfb tipa
tipx10.pfb tipa
tipx12.pfb tipa
tipx17.pfb tipa
tipx8.pfb tipa
tipx9.pfb tipa
tipxb10.pfb tipa
tipxbs10.pfb tipa
tipxbx10.pfb tipa
tipxbx12.pfb tipa
tipxbx8.pfb tipa
tipxbx9.pfb tipa
tipxsb10.pfb tipa
tipxsi10.pfb tipa
tipxsl10.pfb tipa
tipxsl12.pfb tipa
tipxsl8.pfb tipa
tipxsl9.pfb tipa
tipxss10.pfb tipa
tipxss12.pfb tipa
tipxss17.pfb tipa
tipxss8.pfb tipa
tipxss9.pfb tipa
tipxts10.pfb tipa
tipxtt10.pfb tipa
tipxtt12.pfb tipa
tipxtt8.pfb tipa
tipxtt9.pfb tipa
tirekv__.ttf ttf-tiresias
tiresias_infofont.ttf ttf-tiresias
tiresias_infofont_bold.ttf ttf-tiresias
tiresias_infofont_italic.ttf ttf-tiresias
tiresias_infofontz.ttf ttf-tiresias
tiresias_infofontz_bold.ttf ttf-tiresias
tiresias_infofontz_italic.ttf ttf-tiresias
tiresias_lpfont.ttf ttf-tiresias
tiresias_lpfont_bold.ttf ttf-tiresias
tiresias_lpfont_italic.ttf ttf-tiresias
tiresias_pcfont.ttf ttf-tiresias
tiresias_pcfont_bold.ttf ttf-tiresias
tiresias_pcfont_italic.ttf ttf-tiresias
tiresias_pcfontz.ttf ttf-tiresias
tiresias_pcfontz_bold.ttf ttf-tiresias
tiresias_pcfontz_italic.ttf ttf-tiresias
tiresias_signfont.ttf ttf-tiresias
tiresias_signfont_bold.ttf ttf-tiresias
tiresias_signfont_italic.ttf ttf-tiresias
tiresias_signfontz.ttf ttf-tiresias
tiresias_signfontz_bold.ttf ttf-tiresias
tiresias_signfontz_italic.ttf ttf-tiresias
titr.ttf fonts-farsiweb
tlwgmono-bold.otf fonts-tlwg-mono
tlwgmono-boldoblique.otf fonts-tlwg-mono
tlwgmono-oblique.otf fonts-tlwg-mono
tlwgmono.otf fonts-tlwg-mono
tlwgtypewriter-bold.otf fonts-tlwg-typewriter
tlwgtypewriter-boldoblique.otf fonts-tlwg-typewriter
tlwgtypewriter-oblique.otf fonts-tlwg-typewriter
tlwgtypewriter.otf fonts-tlwg-typewriter
tlwgtypist-bold.otf fonts-tlwg-typist
tlwgtypist-boldoblique.otf fonts-tlwg-typist
tlwgtypist-oblique.otf fonts-tlwg-typist
tlwgtypist.otf fonts-tlwg-typist
tlwgtypo-bold.otf fonts-tlwg-typo
tlwgtypo-boldoblique.otf fonts-tlwg-typo
tlwgtypo-oblique.otf fonts-tlwg-typo
tlwgtypo.otf fonts-tlwg-typo
tomsontalks.ttf fonts-tomsontalks
tonik.ttf ttf-aenigma
tragic2.ttf ttf-aenigma
tribunadfmedcdstd-bold.otf ttf-adf-tribun
tribunadfmedcdstd-bolditalic.otf ttf-adf-tribun
tribunadfmedcdstd-italic.otf ttf-adf-tribun
tribunadfmedcdstd-regular.otf ttf-adf-tribun
tribunadfmedstd-bold.otf ttf-adf-tribun
tribunadfmedstd-bolditalic.otf ttf-adf-tribun
tribunadfmedstd-italic.otf ttf-adf-tribun
tribunadfmedstd-regular.otf ttf-adf-tribun
tscu_comic.ttf fonts-taml-tscu
tscu_paranar.ttf fonts-taml-tscu
tscu_paranarb.ttf fonts-taml-tscu
tscu_paranari.ttf fonts-taml-tscu
tscu_times.ttf fonts-taml-tscu
tsextolo.ttf ttf-aenigma
tsextols.ttf ttf-aenigma
tuffy_bold.ttf fonts-tuffy
tuffy_bold_italic.ttf fonts-tuffy
tuffy_italic.ttf fonts-tuffy
tuffy_regular.ttf fonts-tuffy
turmoil.ttf ttf-aenigma
typoscript.otf fonts-levien-typoscript
ubiquity.ttf ttf-aenigma
ubuntu-title.ttf fonts-ubuntu-title
ukij3d.ttf fonts-ukij-uyghur
ukij_macbasma.ttf fonts-ukij-uyghur
ukij_macbasmabold.ttf fonts-ukij-uyghur
ukij_macekran.ttf fonts-ukij-uyghur
ukij_macekranbold.ttf fonts-ukij-uyghur
ukijbasma.ttf fonts-ukij-uyghur
ukijbom.ttf fonts-ukij-uyghur
ukijchechek.ttf fonts-ukij-uyghur
ukijchik.ttf fonts-ukij-uyghur
ukijcjk.ttf fonts-ukij-uyghur
ukijdi.ttf fonts-ukij-uyghur
ukijdik.ttf fonts-ukij-uyghur
ukijdit.ttf fonts-ukij-uyghur
ukijdiy.ttf fonts-ukij-uyghur
ukijekran.ttf fonts-ukij-uyghur
ukijelipbe-b.ttf fonts-ukij-uyghur
ukijelipbe.ttf fonts-ukij-uyghur
ukijelipbech-b.ttf fonts-ukij-uyghur
ukijelipbech.ttf fonts-ukij-uyghur
ukijes.ttf fonts-ukij-uyghur
ukijesbold.ttf fonts-ukij-uyghur
ukijesc.ttf fonts-ukij-uyghur
ukijesn.ttf fonts-ukij-uyghur
ukijesq.ttf fonts-ukij-uyghur
ukijest.ttf fonts-ukij-uyghur
ukijimaret.ttf fonts-ukij-uyghur
ukijinichke.ttf fonts-ukij-uyghur
ukijinichkeb.ttf fonts-ukij-uyghur
ukijje.ttf fonts-ukij-uyghur
ukijjunu.ttf fonts-ukij-uyghur
ukijka.ttf fonts-ukij-uyghur
ukijka3d-b.ttf fonts-ukij-uyghur
ukijka3d.ttf fonts-ukij-uyghur
ukijkesme-b.ttf fonts-ukij-uyghur
ukijkesme.ttf fonts-ukij-uyghur
ukijkesmetuz-b.ttf fonts-ukij-uyghur
ukijkesmetuz.ttf fonts-ukij-uyghur
ukijku.ttf fonts-ukij-uyghur
ukijku3d.ttf fonts-ukij-uyghur
ukijkuchi.ttf fonts-ukij-uyghur
ukijkug.ttf fonts-ukij-uyghur
ukijkuka.ttf fonts-ukij-uyghur
ukijkut.ttf fonts-ukij-uyghur
ukijkuu.ttf fonts-ukij-uyghur
ukijkuy.ttf fonts-ukij-uyghur
ukijkuyb.ttf fonts-ukij-uyghur
ukijkuyol.ttf fonts-ukij-uyghur
ukijme.ttf fonts-ukij-uyghur
ukijmejn.ttf fonts-ukij-uyghur
ukijmejt.ttf fonts-ukij-uyghur
ukijmoyq.ttf fonts-ukij-uyghur
ukijnsq.ttf fonts-ukij-uyghur
ukijnsqb.ttf fonts-ukij-uyghur
ukijnsqz.ttf fonts-ukij-uyghur
ukijnsqzb.ttf fonts-ukij-uyghur
ukijorqun_b.ttf fonts-ukij-uyghur
ukijorqun_y.ttf fonts-ukij-uyghur
ukijorxun.ttf fonts-ukij-uyghur
ukijqara-b.ttf fonts-ukij-uyghur
ukijqara.ttf fonts-ukij-uyghur
ukijqol_tez.ttf fonts-ukij-uyghur
ukijqol_tuz.ttf fonts-ukij-uyghur
ukijqol_yantu.ttf fonts-ukij-uyghur
ukijqolyazma.ttf fonts-ukij-uyghur
ukijru.ttf fonts-ukij-uyghur
ukijsaet.ttf fonts-ukij-uyghur
ukijsls.ttf fonts-ukij-uyghur
ukijslsbold.ttf fonts-ukij-uyghur
ukijslstom.ttf fonts-ukij-uyghur
ukijteng-b.ttf fonts-ukij-uyghur
ukijteng.ttf fonts-ukij-uyghur
ukijtiken.ttf fonts-ukij-uyghur
ukijtitle.ttf fonts-ukij-uyghur
ukijtor.ttf fonts-ukij-uyghur
ukijtughra.ttf fonts-ukij-uyghur
ukijtut.ttf fonts-ukij-uyghur
ukijtuz.ttf fonts-ukij-uyghur
ukijtuzb.ttf fonts-ukij-uyghur
ukijtuzbb.ttf fonts-ukij-uyghur
ukijtuzbold.ttf fonts-ukij-uyghur
ukijtuzg.ttf fonts-ukij-uyghur
ukijtuzgb.ttf fonts-ukij-uyghur
ukijtuzk.ttf fonts-ukij-uyghur
ukijtuzkb.ttf fonts-ukij-uyghur
ukijtuzq.ttf fonts-ukij-uyghur
ukijtuzqb.ttf fonts-ukij-uyghur
ukijtzneqish.ttf fonts-ukij-uyghur
ukijtztr.ttf fonts-ukij-uyghur
ukijtztrbold.ttf fonts-ukij-uyghur
ukijzilwa.ttf fonts-ukij-uyghur
ume-pgc4.ttf fonts-horai-umefont
ume-pgc5.ttf fonts-horai-umefont
ume-pgo4.ttf fonts-horai-umefont
ume-pgo5.ttf fonts-horai-umefont
ume-pgs4.ttf fonts-horai-umefont
ume-pgs5.ttf fonts-horai-umefont
ume-pmo3.ttf fonts-horai-umefont
ume-pms3.ttf fonts-horai-umefont
ume-tgc4.ttf fonts-horai-umefont
ume-tgc5.ttf fonts-horai-umefont
ume-tgo4.ttf fonts-horai-umefont
ume-tgo5.ttf fonts-horai-umefont
ume-tgs4.ttf fonts-horai-umefont
ume-tgs5.ttf fonts-horai-umefont
ume-tmo3.ttf fonts-horai-umefont
ume-tms3.ttf fonts-horai-umefont
ume-ugo4.ttf fonts-horai-umefont
ume-ugo5.ttf fonts-horai-umefont
umeplus-gothic.ttf fonts-umeplus
umeplus-p-gothic.ttf fonts-umeplus
umpush-bold.otf fonts-tlwg-umpush
umpush-boldoblique.otf fonts-tlwg-umpush
umpush-light.otf fonts-tlwg-umpush
umpush-lightoblique.otf fonts-tlwg-umpush
umpush-oblique.otf fonts-tlwg-umpush
umpush.otf fonts-tlwg-umpush
unanimo.ttf ttf-aenigma
unanimoi.ttf ttf-aenigma
unbatang.ttf fonts-unfonts-core
unbatangbold.ttf fonts-unfonts-core
underscr.ttf ttf-aenigma
underwhe.ttf ttf-aenigma
underwho.ttf ttf-aenigma
undinaru.ttf fonts-unfonts-core
undinarubold.ttf fonts-unfonts-core
undinarulight.ttf fonts-unfonts-core
undotum.ttf fonts-unfonts-core
undotumbold.ttf fonts-unfonts-core
undrscr2.ttf ttf-aenigma
ungraphic.ttf fonts-unfonts-core
ungraphicbold.ttf fonts-unfonts-core
ungungseo.ttf fonts-unfonts-core
unidings605.ttf ttf-ancient-fonts
unifont.ttf ttf-unifont
unifont_csur.ttf ttf-unifont
unifont_sample.ttf ttf-unifont
unifont_upper.ttf ttf-unifont
unifont_upper_csur.ttf ttf-unifont
unikuweb.ttf fonts-unikurdweb
united.ttf ttf-aenigma
universalisadfcdstd-bdoblique.otf ttf-adf-universalis
universalisadfcdstd-bold.otf ttf-adf-universalis
universalisadfcdstd-oblique.otf ttf-adf-universalis
universalisadfcdstd-regular.otf ttf-adf-universalis
universalisadfstd-bold.otf ttf-adf-universalis
universalisadfstd-boldoblique.otf ttf-adf-universalis
universalisadfstd-oblique.otf ttf-adf-universalis
universalisadfstd-regular.otf ttf-adf-universalis
unjamobatang.ttf fonts-unfonts-extra
unjamodotum.ttf fonts-unfonts-extra
unjamonovel.ttf fonts-unfonts-extra
unjamosora.ttf fonts-unfonts-extra
unlearn2.ttf ttf-aenigma
unlearne.ttf ttf-aenigma
unpen.ttf fonts-unfonts-extra
unpenheulim.ttf fonts-unfonts-extra
unpilgi.ttf fonts-unfonts-core
unpilgia.ttf fonts-unfonts-extra
unpilgibold.ttf fonts-unfonts-core
unrespon.ttf ttf-aenigma
unshinmun.ttf fonts-unfonts-extra
untaza.ttf fonts-unfonts-extra
unvada.ttf fonts-unfonts-extra
unxgala.ttf ttf-aenigma
unxgalaw.ttf ttf-aenigma
unxgalo.ttf ttf-aenigma
unxgalwo.ttf ttf-aenigma
unyetgul.ttf fonts-unfonts-extra
upheavtt.ttf ttf-aenigma
upraise.ttf ttf-aenigma
urcompi.ttf ttf-aenigma
urcompo.ttf ttf-aenigma
utkal.ttf fonts-orya-extra
vacantz.ttf ttf-aenigma
vanished.ttf ttf-aenigma
vantage.ttf ttf-aenigma
variance.ttf ttf-aenigma
vemana2000.ttf fonts-telu-extra
vera.ttf ttf-bitstream-vera
verabd.ttf ttf-bitstream-vera
verabi.ttf ttf-bitstream-vera
verait.ttf ttf-bitstream-vera
veramobd.ttf ttf-bitstream-vera
veramobi.ttf ttf-bitstream-vera
veramoit.ttf ttf-bitstream-vera
veramono.ttf ttf-bitstream-vera
verana-bold.otf ttf-adf-verana
verana-bolditalic.otf ttf-adf-verana
verana-italic.otf ttf-adf-verana
verana-regular.otf ttf-adf-verana
veranasans-bold.otf ttf-adf-verana
veranasans-boldoblique.otf ttf-adf-verana
veranasans-oblique.otf ttf-adf-verana
veranasans-regular.otf ttf-adf-verana
veranasansdemi-oblique.otf ttf-adf-verana
veranasansdemi-regular.otf ttf-adf-verana
veranasansmedium-oblique.otf ttf-adf-verana
veranasansmedium-regular.otf ttf-adf-verana
verase.ttf ttf-bitstream-vera
verasebd.ttf ttf-bitstream-vera
vertigo.ttf ttf-aenigma
vertigo2.ttf ttf-aenigma
vertigup.ttf ttf-aenigma
vertiup2.ttf ttf-aenigma
vigilanc.ttf ttf-aenigma
vindicti.ttf ttf-aenigma
visitor1.ttf ttf-aenigma
visitor2.ttf ttf-aenigma
vl-gothic-regular.ttf fonts-vlgothic
vl-pgothic-regular.ttf fonts-vlgothic
volatil1.ttf ttf-aenigma
volatil2.ttf ttf-aenigma
vollkorn-bold.ttf fonts-vollkorn
vollkorn-bolditalic.ttf fonts-vollkorn
vollkorn-italic.ttf fonts-vollkorn
vollkorn-medium.ttf fonts-vollkorn
vollkorn-mediumitalic.ttf fonts-vollkorn
vollkorn-regular.ttf fonts-vollkorn
vollkorn-semibold.ttf fonts-vollkorn
vollkorn-semibolditalic.ttf fonts-vollkorn
wager.ttf ttf-aenigma
wagerlos.ttf ttf-aenigma
wagerwon.ttf ttf-aenigma
waree-bold.otf fonts-tlwg-waree
waree-boldoblique.otf fonts-tlwg-waree
waree-oblique.otf fonts-tlwg-waree
waree.otf fonts-tlwg-waree
wargames.ttf fonts-dustin
washrab.ttf fonts-senamirmir-washra
washrasb.ttf fonts-senamirmir-washra
wasy10.ttf fonts-lyx
waver.ttf ttf-aenigma
wayward.ttf ttf-aenigma
waywards.ttf ttf-aenigma
weatherd.ttf ttf-aenigma
weathers.ttf ttf-aenigma
weaver.ttf ttf-aenigma
whatever.ttf ttf-aenigma
whipsnap.ttf ttf-aenigma
wigsquig.ttf ttf-aenigma
wincing.ttf ttf-aenigma
winks.ttf fonts-dustin
withstan.ttf ttf-aenigma
wobbly.ttf ttf-aenigma
wookianos.ttf fonts-senamirmir-washra
wyvernwi.ttf ttf-aenigma
wyvernww.ttf ttf-aenigma
xeroxmal.ttf ttf-aenigma
xhume.ttf ttf-aenigma
xipa10.pfb tipa
xipab10.pfb tipa
xipabs10.pfb tipa
xipasb10.pfb tipa
xipasi10.pfb tipa
xipasl10.pfb tipa
xipass10.pfb tipa
xipital.ttf ttf-aenigma
xipx10.pfb tipa
xipxb10.pfb tipa
xipxbs10.pfb tipa
xipxsb10.pfb tipa
xipxsi10.pfb tipa
xipxsl10.pfb tipa
xipxss10.pfb tipa
xmaslght.ttf ttf-aenigma
xtrusion.ttf ttf-aenigma
yanonekaffeesatz-bold.otf fonts-yanone-kaffeesatz
yanonekaffeesatz-bold.ttf fonts-yanone-kaffeesatz
yanonekaffeesatz-light.otf fonts-yanone-kaffeesatz
yanonekaffeesatz-light.ttf fonts-yanone-kaffeesatz
yanonekaffeesatz-regular.otf fonts-yanone-kaffeesatz
yanonekaffeesatz-regular.ttf fonts-yanone-kaffeesatz
yanonekaffeesatz-thin.otf fonts-yanone-kaffeesatz
yanonekaffeesatz-thin.ttf fonts-yanone-kaffeesatz
yearend.ttf ttf-aenigma
yebse.ttf fonts-senamirmir-washra
yesterda.ttf ttf-aenigma
yielding.ttf ttf-aenigma
yigezubisratgothic.ttf fonts-senamirmir-washra
yonder.ttf ttf-aenigma
yoshisst.ttf ttf-aenigma
yourcomp.ttf ttf-aenigma
z003034d.pfb t1-cyrillic
zaghawaberia.otf fonts-sil-zaghawa-beria
zelan.ttf fonts-senamirmir-washra
zeldadxt.ttf ttf-aenigma
zenith.ttf ttf-aenigma
zephyrea.ttf ttf-aenigma
zephyreg.ttf ttf-aenigma
zerovelo.ttf ttf-aenigma
zirccube.ttf ttf-aenigma
zirconia.ttf ttf-aenigma
zoetrope.ttf ttf-aenigma
zoidal.ttf ttf-aenigma
zurklezo.ttf ttf-aenigma
zurklezs.ttf ttf-aenigma
